-- ════════════════════════════════════════════════════════════════════════
-- 041 · Watershed-parity demo seed data
--
-- Populates the 16 tables introduced in 040 with realistic demo data
-- so the new ESG tabs (Financed Emissions, Removals, CFE, PCF,
-- Assurance, Maturity, Jurisdictions, Anomalies) surface real numbers
-- when a demo persona logs in. All rows are pinned to the canonical
-- demo participants (demo_lender_001, demo_carbon_001,
-- demo_offtaker_001, demo_ipp_001) and use INSERT OR IGNORE so the
-- migration is idempotent.
--
-- Reporting year: 2026 (current).
-- ════════════════════════════════════════════════════════════════════════

-- ────────────────────────────────────────────────────────────────────────
-- 1. PCAF financed emissions — scoped to demo_lender_001
-- ────────────────────────────────────────────────────────────────────────

INSERT OR IGNORE INTO pcaf_financed_emissions
  (id, participant_id, reporting_year, asset_class, counterparty_name, counterparty_country,
   counterparty_sector_nace, counterparty_revenue_zar, counterparty_evic_zar,
   outstanding_amount_zar, attribution_method, counterparty_scope1_tco2e,
   counterparty_scope2_tco2e, counterparty_scope3_tco2e, emissions_data_source,
   pcaf_data_quality_score, attribution_factor, financed_scope1_tco2e,
   financed_scope2_tco2e, financed_scope3_tco2e, financed_total_tco2e, emission_intensity,
   status, notes) VALUES
  ('seed_pcafe_001','demo_lender_001',2026,'business_loans','Acme Steel SA','ZA','C24.1',
   500000000,2000000000, 50000000,'evic',12000,4500,18000,'CDP',3,
   0.025, 300, 112.5, 450, 862.5, 0.00001725, 'recorded',
   'Demo PCAF business-loan exposure — South African steel mill, CDP-reported.'),
  ('seed_pcafe_002','demo_lender_001',2026,'project_finance','Karoo Solar 200MW','ZA','D35.1',
   NULL, NULL, 1200000000,'asset_value',0,0,0,'project_finance',2,
   0.50, 0, 0, 0, 0, 0, 'recorded',
   'Demo project-finance exposure — green project, near-zero direct emissions.'),
  ('seed_pcafe_003','demo_lender_001',2026,'commercial_real_estate','Sandton Tower Fund','ZA','L68',
   180000000, 450000000, 90000000,'property_value',0,2200,0,'reported',2,
   0.20, 0, 440, 0, 440, 0.00000489,'recorded',
   'Demo CRE exposure — Sandton commercial office tower, location-based Scope 2.'),
  ('seed_pcafe_004','demo_lender_001',2026,'mortgages','Retail mortgage book (5,200 loans)','ZA','L68',
   NULL, NULL, 850000000,'property_value',0,8500,0,'sector_average',4,
   0.65, 0, 5525, 0, 5525, 0.0000065,'recorded',
   'Demo mortgage book — household electricity attributed per PCAF mortgage formula.'),
  ('seed_pcafe_005','demo_lender_001',2026,'motor_vehicle_loans','Vehicle finance portfolio','ZA','G45',
   NULL, NULL, 320000000,'vehicle_value',1800,0,200,'sector_average',4,
   0.55, 990, 0, 110, 1100, 0.00000344,'recorded',
   'Demo vehicle-loan book — tailpipe emissions per km × estimated annual mileage.'),
  ('seed_pcafe_006','demo_lender_001',2026,'listed_equity','JSE Top-40 equity fund','GLB','K65',
   NULL, NULL, 2500000000,'evic',45000,18000,75000,'CDP',2,
   0.04, 1800, 720, 3000, 5520, 0.00000221,'recorded',
   'Demo listed-equity portfolio — CDP-reported emissions for top-40 issuers.'),
  ('seed_pcafe_007','demo_lender_001',2026,'sovereign_debt','RSA government bonds','ZA','O84',
   NULL, NULL, 1100000000,'asset_value',0,0,0,'reported',5,
   0.001, 0, 0, 0, 0, 0,'recorded',
   'Demo sovereign-debt exposure — RSA bonds, country emissions allocation pending.');

INSERT OR IGNORE INTO pcaf_targets
  (id, participant_id, framework, scope, sector, base_year, base_intensity, target_year, target_intensity, pathway_alignment, status, notes) VALUES
  ('seed_pcaft_001','demo_lender_001','NZBA','sector','power',2020,0.78,2030,0.28,'IEA NZE 2050','approved',
   'NZBA power-sector intensity target — kgCO2e/kWh, 1.5°C aligned.'),
  ('seed_pcaft_002','demo_lender_001','SBTi_FI','sector','oil_gas',2020,420.0,2030,180.0,'1.5C','committed',
   'SBTi-FI oil-and-gas exposure intensity (kgCO2e/MWh primary energy).'),
  ('seed_pcaft_003','demo_lender_001','NZBA','asset_class',NULL,2022,5520,2032,2700,'well-below-2C','on_track',
   'NZBA portfolio-wide financed Scope 3 reduction target.');

INSERT OR IGNORE INTO pcaf_facilitated_emissions
  (id, participant_id, reporting_year, transaction_type, issuer_name, facilitation_zar,
   issuer_sector, issuer_evic_zar, issuer_scope1_tco2e, issuer_scope2_tco2e, issuer_scope3_tco2e,
   weighting_factor, facilitated_tco2e, status, notes) VALUES
  ('seed_pfe_001','demo_lender_001',2026,'debt_underwriting','Sasol R5bn green bond',5000000000,
   'C19',180000000000, 56000000, 4500000, 12500000, 0.33, 671.84,'recorded',
   'PCAF Part B debt-underwriting facilitated emissions, 33% PCAF weighting.'),
  ('seed_pfe_002','demo_lender_001',2026,'equity_underwriting','GreenH2 Co IPO',850000000,
   'D35.2', 4200000000, 1200, 8500, 2800, 0.33, 851.55,'recorded',
   'IPO underwriting facilitated emissions for green-hydrogen issuer.');

INSERT OR IGNORE INTO portfolio_temperature_alignment
  (id, participant_id, reporting_year, sector, methodology, temperature_c, pathway, notes) VALUES
  ('seed_temp_001','demo_lender_001',2026,'power','SDA',1.7,'IEA NZE','Power-sector portfolio aligned to IEA NZE 2050 with 1.7°C overshoot.'),
  ('seed_temp_002','demo_lender_001',2026,'oil_gas','PACTA',2.4,'PRIMAP','Oil and gas exposure currently 2.4°C — material decarbonisation gap.'),
  ('seed_temp_003','demo_lender_001',2026,'portfolio','SDA',1.9,'IEA NZE','Aggregate portfolio temperature alignment.');

-- ────────────────────────────────────────────────────────────────────────
-- 2. CDR projects + offtakes (carbon-fund + offtaker buyers)
-- ────────────────────────────────────────────────────────────────────────

INSERT OR IGNORE INTO cdr_projects
  (id, developer_id, project_name, technology, category, permanence_years, registry,
   registry_id, host_country, description, expected_tco2e_yr, total_tco2e_committed,
   price_zar_per_tco2e, vintage_first_year, status, third_party_audit, risk_rating) VALUES
  ('seed_cdr_001','demo_ipp_001','Karoo DAC Pilot 30 t/yr','direct_air_capture','engineered',
   1000,'isometric','ISO-DAC-2026-001','ZA',
   'Solar-powered direct-air-capture pilot in the Karoo. Heat recovery from co-located PV inverter array. 30 tCO2e/yr nominal.',
   30, 600, 18500, 2026, 'listed','Isometric (cert. pending)','medium'),
  ('seed_cdr_002','demo_ipp_002','Cederberg Biochar Initiative','biochar','nature',
   100,'puro_earth','PUR-BIO-2026-014','ZA',
   'Invasive-alien-tree biomass converted to biochar, applied to dryland farming. 1,200 tCO2e/yr.',
   1200, 8000, 1650, 2026,'listed','Puro Earth Verified','low'),
  ('seed_cdr_003','demo_ipp_001','Eastern Cape Reforestation','reforestation','nature',
   60,'verra_vcs','VCS-EC-2025-008','ZA',
   'Native afromontane reforestation on degraded agricultural land. 25,000 ha, 15-year permanence guarantee.',
   8500, 60000, 480, 2025,'delivering','Verra VCS verified','low'),
  ('seed_cdr_004','demo_ipp_002','Indian Ocean Enhanced Weathering','enhanced_weathering','engineered',
   10000,'isometric','ISO-EW-2026-003','ZA',
   'Olivine rock-dust spreading on agricultural soils in KZN. Mineralisation accelerated by tropical climate.',
   400, 2400, 7800, 2026,'listed','Isometric','medium'),
  ('seed_cdr_005','demo_ipp_001','Mpumalanga Mine BECCS','beccs','hybrid',
   500,'verra_vcs','VCS-BE-2026-022','ZA',
   'Bioenergy with carbon capture and storage co-located with decommissioned coal mine, using mine void for CO2 storage.',
   200000, 3000000, 2200, 2027,'listed','Verra VCS','medium'),
  ('seed_cdr_006','demo_ipp_002','Cape Kelp Blue Carbon','blue_carbon','nature',
   80,'verra_vcs','VCS-BC-2026-001','ZA',
   'Restored kelp forests off the Western Cape coast, sequestering carbon via deep-ocean sinking.',
   1800, 14400, 920, 2026,'listed','Verra VCS','high');

INSERT OR IGNORE INTO cdr_offtakes
  (id, buyer_id, project_id, total_tco2e, delivered_tco2e, retired_tco2e, price_zar_per_tco2e,
   total_zar, start_vintage_year, end_vintage_year, status, signed_at) VALUES
  ('seed_offt_001','demo_carbon_001','seed_cdr_001',300,90,30,18500,5550000,2026,2031,'active','2026-01-15T10:00:00Z'),
  ('seed_offt_002','demo_carbon_001','seed_cdr_002',2000,800,400,1650,3300000,2026,2030,'active','2026-02-01T10:00:00Z'),
  ('seed_offt_003','demo_carbon_001','seed_cdr_003',10000,3400,1200,480,4800000,2025,2034,'active','2025-11-12T10:00:00Z'),
  ('seed_offt_004','demo_offtaker_001','seed_cdr_002',500,200,200,1650,825000,2026,2027,'active','2026-03-08T10:00:00Z'),
  ('seed_offt_005','demo_offtaker_001','seed_cdr_004',300,0,0,7800,2340000,2026,2029,'contracted','2026-04-22T10:00:00Z'),
  ('seed_offt_006','demo_carbon_001','seed_cdr_006',1000,250,100,920,920000,2026,2032,'active','2026-01-30T10:00:00Z');

INSERT OR IGNORE INTO cdr_retirements
  (id, offtake_id, participant_id, tco2e_retired, vintage_year, reporting_year, serial_number, beneficiary, reason) VALUES
  ('seed_cdrret_001','seed_offt_001','demo_carbon_001', 30,2026,2026,'ISO-DAC-2026-001-R-0001','GreenFunds Carbon Fund','Annual portfolio retirement Q1 2026'),
  ('seed_cdrret_002','seed_offt_002','demo_carbon_001',400,2026,2026,'PUR-BIO-2026-014-R-0001','GreenFunds Carbon Fund','Biochar batch retirement Q1 2026'),
  ('seed_cdrret_003','seed_offt_003','demo_carbon_001',1200,2025,2026,'VCS-EC-2025-008-R-0001','GreenFunds Carbon Fund','EC reforestation vintage 2025 retired against client portfolio'),
  ('seed_cdrret_004','seed_offt_004','demo_offtaker_001',200,2026,2026,'PUR-BIO-2026-014-R-0002','City Energy Municipality','Municipal Scope 3 offset 2026'),
  ('seed_cdrret_005','seed_offt_006','demo_carbon_001',100,2026,2026,'VCS-BC-2026-001-R-0001','GreenFunds Carbon Fund','Blue-carbon retirement Q1 2026');

-- ────────────────────────────────────────────────────────────────────────
-- 3. 24/7 CFE hourly data (sample 7 days for offtaker)
-- ────────────────────────────────────────────────────────────────────────

-- Hourly load + generation seed — 168 load + 168 solar + 168 wind = 504 rows.
-- LOAD ROWS
INSERT OR IGNORE INTO cfe_hourly_load (id, participant_id, site_id, hour_utc, load_kwh, grid_zone) VALUES
('cfeld_seed_1_0','demo_offtaker_001','site_jhb_hq','2026-01-01T00:00:00Z',400.0,'ZA-NPC'),
('cfeld_seed_1_1','demo_offtaker_001','site_jhb_hq','2026-01-01T01:00:00Z',400.0,'ZA-NPC'),
('cfeld_seed_1_2','demo_offtaker_001','site_jhb_hq','2026-01-01T02:00:00Z',400.0,'ZA-NPC'),
('cfeld_seed_1_3','demo_offtaker_001','site_jhb_hq','2026-01-01T03:00:00Z',400.0,'ZA-NPC'),
('cfeld_seed_1_4','demo_offtaker_001','site_jhb_hq','2026-01-01T04:00:00Z',400.0,'ZA-NPC'),
('cfeld_seed_1_5','demo_offtaker_001','site_jhb_hq','2026-01-01T05:00:00Z',400.0,'ZA-NPC'),
('cfeld_seed_1_6','demo_offtaker_001','site_jhb_hq','2026-01-01T06:00:00Z',800.0,'ZA-NPC'),
('cfeld_seed_1_7','demo_offtaker_001','site_jhb_hq','2026-01-01T07:00:00Z',800.0,'ZA-NPC'),
('cfeld_seed_1_8','demo_offtaker_001','site_jhb_hq','2026-01-01T08:00:00Z',800.0,'ZA-NPC'),
('cfeld_seed_1_9','demo_offtaker_001','site_jhb_hq','2026-01-01T09:00:00Z',800.0,'ZA-NPC'),
('cfeld_seed_1_10','demo_offtaker_001','site_jhb_hq','2026-01-01T10:00:00Z',800.0,'ZA-NPC'),
('cfeld_seed_1_11','demo_offtaker_001','site_jhb_hq','2026-01-01T11:00:00Z',800.0,'ZA-NPC'),
('cfeld_seed_1_12','demo_offtaker_001','site_jhb_hq','2026-01-01T12:00:00Z',800.0,'ZA-NPC'),
('cfeld_seed_1_13','demo_offtaker_001','site_jhb_hq','2026-01-01T13:00:00Z',800.0,'ZA-NPC'),
('cfeld_seed_1_14','demo_offtaker_001','site_jhb_hq','2026-01-01T14:00:00Z',800.0,'ZA-NPC'),
('cfeld_seed_1_15','demo_offtaker_001','site_jhb_hq','2026-01-01T15:00:00Z',800.0,'ZA-NPC'),
('cfeld_seed_1_16','demo_offtaker_001','site_jhb_hq','2026-01-01T16:00:00Z',800.0,'ZA-NPC'),
('cfeld_seed_1_17','demo_offtaker_001','site_jhb_hq','2026-01-01T17:00:00Z',800.0,'ZA-NPC'),
('cfeld_seed_1_18','demo_offtaker_001','site_jhb_hq','2026-01-01T18:00:00Z',400.0,'ZA-NPC'),
('cfeld_seed_1_19','demo_offtaker_001','site_jhb_hq','2026-01-01T19:00:00Z',400.0,'ZA-NPC'),
('cfeld_seed_1_20','demo_offtaker_001','site_jhb_hq','2026-01-01T20:00:00Z',400.0,'ZA-NPC'),
('cfeld_seed_1_21','demo_offtaker_001','site_jhb_hq','2026-01-01T21:00:00Z',400.0,'ZA-NPC'),
('cfeld_seed_1_22','demo_offtaker_001','site_jhb_hq','2026-01-01T22:00:00Z',400.0,'ZA-NPC'),
('cfeld_seed_1_23','demo_offtaker_001','site_jhb_hq','2026-01-01T23:00:00Z',400.0,'ZA-NPC'),
('cfeld_seed_2_0','demo_offtaker_001','site_jhb_hq','2026-01-02T00:00:00Z',400.0,'ZA-NPC'),
('cfeld_seed_2_1','demo_offtaker_001','site_jhb_hq','2026-01-02T01:00:00Z',400.0,'ZA-NPC'),
('cfeld_seed_2_2','demo_offtaker_001','site_jhb_hq','2026-01-02T02:00:00Z',400.0,'ZA-NPC'),
('cfeld_seed_2_3','demo_offtaker_001','site_jhb_hq','2026-01-02T03:00:00Z',400.0,'ZA-NPC'),
('cfeld_seed_2_4','demo_offtaker_001','site_jhb_hq','2026-01-02T04:00:00Z',400.0,'ZA-NPC'),
('cfeld_seed_2_5','demo_offtaker_001','site_jhb_hq','2026-01-02T05:00:00Z',400.0,'ZA-NPC'),
('cfeld_seed_2_6','demo_offtaker_001','site_jhb_hq','2026-01-02T06:00:00Z',800.0,'ZA-NPC'),
('cfeld_seed_2_7','demo_offtaker_001','site_jhb_hq','2026-01-02T07:00:00Z',800.0,'ZA-NPC'),
('cfeld_seed_2_8','demo_offtaker_001','site_jhb_hq','2026-01-02T08:00:00Z',800.0,'ZA-NPC'),
('cfeld_seed_2_9','demo_offtaker_001','site_jhb_hq','2026-01-02T09:00:00Z',800.0,'ZA-NPC'),
('cfeld_seed_2_10','demo_offtaker_001','site_jhb_hq','2026-01-02T10:00:00Z',800.0,'ZA-NPC'),
('cfeld_seed_2_11','demo_offtaker_001','site_jhb_hq','2026-01-02T11:00:00Z',800.0,'ZA-NPC'),
('cfeld_seed_2_12','demo_offtaker_001','site_jhb_hq','2026-01-02T12:00:00Z',800.0,'ZA-NPC'),
('cfeld_seed_2_13','demo_offtaker_001','site_jhb_hq','2026-01-02T13:00:00Z',800.0,'ZA-NPC'),
('cfeld_seed_2_14','demo_offtaker_001','site_jhb_hq','2026-01-02T14:00:00Z',800.0,'ZA-NPC'),
('cfeld_seed_2_15','demo_offtaker_001','site_jhb_hq','2026-01-02T15:00:00Z',800.0,'ZA-NPC'),
('cfeld_seed_2_16','demo_offtaker_001','site_jhb_hq','2026-01-02T16:00:00Z',800.0,'ZA-NPC'),
('cfeld_seed_2_17','demo_offtaker_001','site_jhb_hq','2026-01-02T17:00:00Z',800.0,'ZA-NPC'),
('cfeld_seed_2_18','demo_offtaker_001','site_jhb_hq','2026-01-02T18:00:00Z',400.0,'ZA-NPC'),
('cfeld_seed_2_19','demo_offtaker_001','site_jhb_hq','2026-01-02T19:00:00Z',400.0,'ZA-NPC'),
('cfeld_seed_2_20','demo_offtaker_001','site_jhb_hq','2026-01-02T20:00:00Z',400.0,'ZA-NPC'),
('cfeld_seed_2_21','demo_offtaker_001','site_jhb_hq','2026-01-02T21:00:00Z',400.0,'ZA-NPC'),
('cfeld_seed_2_22','demo_offtaker_001','site_jhb_hq','2026-01-02T22:00:00Z',400.0,'ZA-NPC'),
('cfeld_seed_2_23','demo_offtaker_001','site_jhb_hq','2026-01-02T23:00:00Z',400.0,'ZA-NPC'),
('cfeld_seed_3_0','demo_offtaker_001','site_jhb_hq','2026-01-03T00:00:00Z',400.0,'ZA-NPC'),
('cfeld_seed_3_1','demo_offtaker_001','site_jhb_hq','2026-01-03T01:00:00Z',400.0,'ZA-NPC'),
('cfeld_seed_3_2','demo_offtaker_001','site_jhb_hq','2026-01-03T02:00:00Z',400.0,'ZA-NPC'),
('cfeld_seed_3_3','demo_offtaker_001','site_jhb_hq','2026-01-03T03:00:00Z',400.0,'ZA-NPC'),
('cfeld_seed_3_4','demo_offtaker_001','site_jhb_hq','2026-01-03T04:00:00Z',400.0,'ZA-NPC'),
('cfeld_seed_3_5','demo_offtaker_001','site_jhb_hq','2026-01-03T05:00:00Z',400.0,'ZA-NPC'),
('cfeld_seed_3_6','demo_offtaker_001','site_jhb_hq','2026-01-03T06:00:00Z',800.0,'ZA-NPC'),
('cfeld_seed_3_7','demo_offtaker_001','site_jhb_hq','2026-01-03T07:00:00Z',800.0,'ZA-NPC'),
('cfeld_seed_3_8','demo_offtaker_001','site_jhb_hq','2026-01-03T08:00:00Z',800.0,'ZA-NPC'),
('cfeld_seed_3_9','demo_offtaker_001','site_jhb_hq','2026-01-03T09:00:00Z',800.0,'ZA-NPC'),
('cfeld_seed_3_10','demo_offtaker_001','site_jhb_hq','2026-01-03T10:00:00Z',800.0,'ZA-NPC'),
('cfeld_seed_3_11','demo_offtaker_001','site_jhb_hq','2026-01-03T11:00:00Z',800.0,'ZA-NPC'),
('cfeld_seed_3_12','demo_offtaker_001','site_jhb_hq','2026-01-03T12:00:00Z',800.0,'ZA-NPC'),
('cfeld_seed_3_13','demo_offtaker_001','site_jhb_hq','2026-01-03T13:00:00Z',800.0,'ZA-NPC'),
('cfeld_seed_3_14','demo_offtaker_001','site_jhb_hq','2026-01-03T14:00:00Z',800.0,'ZA-NPC'),
('cfeld_seed_3_15','demo_offtaker_001','site_jhb_hq','2026-01-03T15:00:00Z',800.0,'ZA-NPC'),
('cfeld_seed_3_16','demo_offtaker_001','site_jhb_hq','2026-01-03T16:00:00Z',800.0,'ZA-NPC'),
('cfeld_seed_3_17','demo_offtaker_001','site_jhb_hq','2026-01-03T17:00:00Z',800.0,'ZA-NPC'),
('cfeld_seed_3_18','demo_offtaker_001','site_jhb_hq','2026-01-03T18:00:00Z',400.0,'ZA-NPC'),
('cfeld_seed_3_19','demo_offtaker_001','site_jhb_hq','2026-01-03T19:00:00Z',400.0,'ZA-NPC'),
('cfeld_seed_3_20','demo_offtaker_001','site_jhb_hq','2026-01-03T20:00:00Z',400.0,'ZA-NPC'),
('cfeld_seed_3_21','demo_offtaker_001','site_jhb_hq','2026-01-03T21:00:00Z',400.0,'ZA-NPC'),
('cfeld_seed_3_22','demo_offtaker_001','site_jhb_hq','2026-01-03T22:00:00Z',400.0,'ZA-NPC'),
('cfeld_seed_3_23','demo_offtaker_001','site_jhb_hq','2026-01-03T23:00:00Z',400.0,'ZA-NPC'),
('cfeld_seed_4_0','demo_offtaker_001','site_jhb_hq','2026-01-04T00:00:00Z',400.0,'ZA-NPC'),
('cfeld_seed_4_1','demo_offtaker_001','site_jhb_hq','2026-01-04T01:00:00Z',400.0,'ZA-NPC'),
('cfeld_seed_4_2','demo_offtaker_001','site_jhb_hq','2026-01-04T02:00:00Z',400.0,'ZA-NPC'),
('cfeld_seed_4_3','demo_offtaker_001','site_jhb_hq','2026-01-04T03:00:00Z',400.0,'ZA-NPC'),
('cfeld_seed_4_4','demo_offtaker_001','site_jhb_hq','2026-01-04T04:00:00Z',400.0,'ZA-NPC'),
('cfeld_seed_4_5','demo_offtaker_001','site_jhb_hq','2026-01-04T05:00:00Z',400.0,'ZA-NPC'),
('cfeld_seed_4_6','demo_offtaker_001','site_jhb_hq','2026-01-04T06:00:00Z',800.0,'ZA-NPC'),
('cfeld_seed_4_7','demo_offtaker_001','site_jhb_hq','2026-01-04T07:00:00Z',800.0,'ZA-NPC'),
('cfeld_seed_4_8','demo_offtaker_001','site_jhb_hq','2026-01-04T08:00:00Z',800.0,'ZA-NPC'),
('cfeld_seed_4_9','demo_offtaker_001','site_jhb_hq','2026-01-04T09:00:00Z',800.0,'ZA-NPC'),
('cfeld_seed_4_10','demo_offtaker_001','site_jhb_hq','2026-01-04T10:00:00Z',800.0,'ZA-NPC'),
('cfeld_seed_4_11','demo_offtaker_001','site_jhb_hq','2026-01-04T11:00:00Z',800.0,'ZA-NPC'),
('cfeld_seed_4_12','demo_offtaker_001','site_jhb_hq','2026-01-04T12:00:00Z',800.0,'ZA-NPC'),
('cfeld_seed_4_13','demo_offtaker_001','site_jhb_hq','2026-01-04T13:00:00Z',800.0,'ZA-NPC'),
('cfeld_seed_4_14','demo_offtaker_001','site_jhb_hq','2026-01-04T14:00:00Z',800.0,'ZA-NPC'),
('cfeld_seed_4_15','demo_offtaker_001','site_jhb_hq','2026-01-04T15:00:00Z',800.0,'ZA-NPC'),
('cfeld_seed_4_16','demo_offtaker_001','site_jhb_hq','2026-01-04T16:00:00Z',800.0,'ZA-NPC'),
('cfeld_seed_4_17','demo_offtaker_001','site_jhb_hq','2026-01-04T17:00:00Z',800.0,'ZA-NPC'),
('cfeld_seed_4_18','demo_offtaker_001','site_jhb_hq','2026-01-04T18:00:00Z',400.0,'ZA-NPC'),
('cfeld_seed_4_19','demo_offtaker_001','site_jhb_hq','2026-01-04T19:00:00Z',400.0,'ZA-NPC'),
('cfeld_seed_4_20','demo_offtaker_001','site_jhb_hq','2026-01-04T20:00:00Z',400.0,'ZA-NPC'),
('cfeld_seed_4_21','demo_offtaker_001','site_jhb_hq','2026-01-04T21:00:00Z',400.0,'ZA-NPC'),
('cfeld_seed_4_22','demo_offtaker_001','site_jhb_hq','2026-01-04T22:00:00Z',400.0,'ZA-NPC'),
('cfeld_seed_4_23','demo_offtaker_001','site_jhb_hq','2026-01-04T23:00:00Z',400.0,'ZA-NPC'),
('cfeld_seed_5_0','demo_offtaker_001','site_jhb_hq','2026-01-05T00:00:00Z',400.0,'ZA-NPC'),
('cfeld_seed_5_1','demo_offtaker_001','site_jhb_hq','2026-01-05T01:00:00Z',400.0,'ZA-NPC'),
('cfeld_seed_5_2','demo_offtaker_001','site_jhb_hq','2026-01-05T02:00:00Z',400.0,'ZA-NPC'),
('cfeld_seed_5_3','demo_offtaker_001','site_jhb_hq','2026-01-05T03:00:00Z',400.0,'ZA-NPC'),
('cfeld_seed_5_4','demo_offtaker_001','site_jhb_hq','2026-01-05T04:00:00Z',400.0,'ZA-NPC'),
('cfeld_seed_5_5','demo_offtaker_001','site_jhb_hq','2026-01-05T05:00:00Z',400.0,'ZA-NPC'),
('cfeld_seed_5_6','demo_offtaker_001','site_jhb_hq','2026-01-05T06:00:00Z',800.0,'ZA-NPC'),
('cfeld_seed_5_7','demo_offtaker_001','site_jhb_hq','2026-01-05T07:00:00Z',800.0,'ZA-NPC'),
('cfeld_seed_5_8','demo_offtaker_001','site_jhb_hq','2026-01-05T08:00:00Z',800.0,'ZA-NPC'),
('cfeld_seed_5_9','demo_offtaker_001','site_jhb_hq','2026-01-05T09:00:00Z',800.0,'ZA-NPC'),
('cfeld_seed_5_10','demo_offtaker_001','site_jhb_hq','2026-01-05T10:00:00Z',800.0,'ZA-NPC'),
('cfeld_seed_5_11','demo_offtaker_001','site_jhb_hq','2026-01-05T11:00:00Z',800.0,'ZA-NPC'),
('cfeld_seed_5_12','demo_offtaker_001','site_jhb_hq','2026-01-05T12:00:00Z',800.0,'ZA-NPC'),
('cfeld_seed_5_13','demo_offtaker_001','site_jhb_hq','2026-01-05T13:00:00Z',800.0,'ZA-NPC'),
('cfeld_seed_5_14','demo_offtaker_001','site_jhb_hq','2026-01-05T14:00:00Z',800.0,'ZA-NPC'),
('cfeld_seed_5_15','demo_offtaker_001','site_jhb_hq','2026-01-05T15:00:00Z',800.0,'ZA-NPC'),
('cfeld_seed_5_16','demo_offtaker_001','site_jhb_hq','2026-01-05T16:00:00Z',800.0,'ZA-NPC'),
('cfeld_seed_5_17','demo_offtaker_001','site_jhb_hq','2026-01-05T17:00:00Z',800.0,'ZA-NPC'),
('cfeld_seed_5_18','demo_offtaker_001','site_jhb_hq','2026-01-05T18:00:00Z',400.0,'ZA-NPC'),
('cfeld_seed_5_19','demo_offtaker_001','site_jhb_hq','2026-01-05T19:00:00Z',400.0,'ZA-NPC'),
('cfeld_seed_5_20','demo_offtaker_001','site_jhb_hq','2026-01-05T20:00:00Z',400.0,'ZA-NPC'),
('cfeld_seed_5_21','demo_offtaker_001','site_jhb_hq','2026-01-05T21:00:00Z',400.0,'ZA-NPC'),
('cfeld_seed_5_22','demo_offtaker_001','site_jhb_hq','2026-01-05T22:00:00Z',400.0,'ZA-NPC'),
('cfeld_seed_5_23','demo_offtaker_001','site_jhb_hq','2026-01-05T23:00:00Z',400.0,'ZA-NPC'),
('cfeld_seed_6_0','demo_offtaker_001','site_jhb_hq','2026-01-06T00:00:00Z',400.0,'ZA-NPC'),
('cfeld_seed_6_1','demo_offtaker_001','site_jhb_hq','2026-01-06T01:00:00Z',400.0,'ZA-NPC'),
('cfeld_seed_6_2','demo_offtaker_001','site_jhb_hq','2026-01-06T02:00:00Z',400.0,'ZA-NPC'),
('cfeld_seed_6_3','demo_offtaker_001','site_jhb_hq','2026-01-06T03:00:00Z',400.0,'ZA-NPC'),
('cfeld_seed_6_4','demo_offtaker_001','site_jhb_hq','2026-01-06T04:00:00Z',400.0,'ZA-NPC'),
('cfeld_seed_6_5','demo_offtaker_001','site_jhb_hq','2026-01-06T05:00:00Z',400.0,'ZA-NPC'),
('cfeld_seed_6_6','demo_offtaker_001','site_jhb_hq','2026-01-06T06:00:00Z',800.0,'ZA-NPC'),
('cfeld_seed_6_7','demo_offtaker_001','site_jhb_hq','2026-01-06T07:00:00Z',800.0,'ZA-NPC'),
('cfeld_seed_6_8','demo_offtaker_001','site_jhb_hq','2026-01-06T08:00:00Z',800.0,'ZA-NPC'),
('cfeld_seed_6_9','demo_offtaker_001','site_jhb_hq','2026-01-06T09:00:00Z',800.0,'ZA-NPC'),
('cfeld_seed_6_10','demo_offtaker_001','site_jhb_hq','2026-01-06T10:00:00Z',800.0,'ZA-NPC'),
('cfeld_seed_6_11','demo_offtaker_001','site_jhb_hq','2026-01-06T11:00:00Z',800.0,'ZA-NPC'),
('cfeld_seed_6_12','demo_offtaker_001','site_jhb_hq','2026-01-06T12:00:00Z',800.0,'ZA-NPC'),
('cfeld_seed_6_13','demo_offtaker_001','site_jhb_hq','2026-01-06T13:00:00Z',800.0,'ZA-NPC'),
('cfeld_seed_6_14','demo_offtaker_001','site_jhb_hq','2026-01-06T14:00:00Z',800.0,'ZA-NPC'),
('cfeld_seed_6_15','demo_offtaker_001','site_jhb_hq','2026-01-06T15:00:00Z',800.0,'ZA-NPC'),
('cfeld_seed_6_16','demo_offtaker_001','site_jhb_hq','2026-01-06T16:00:00Z',800.0,'ZA-NPC'),
('cfeld_seed_6_17','demo_offtaker_001','site_jhb_hq','2026-01-06T17:00:00Z',800.0,'ZA-NPC'),
('cfeld_seed_6_18','demo_offtaker_001','site_jhb_hq','2026-01-06T18:00:00Z',400.0,'ZA-NPC'),
('cfeld_seed_6_19','demo_offtaker_001','site_jhb_hq','2026-01-06T19:00:00Z',400.0,'ZA-NPC'),
('cfeld_seed_6_20','demo_offtaker_001','site_jhb_hq','2026-01-06T20:00:00Z',400.0,'ZA-NPC'),
('cfeld_seed_6_21','demo_offtaker_001','site_jhb_hq','2026-01-06T21:00:00Z',400.0,'ZA-NPC'),
('cfeld_seed_6_22','demo_offtaker_001','site_jhb_hq','2026-01-06T22:00:00Z',400.0,'ZA-NPC'),
('cfeld_seed_6_23','demo_offtaker_001','site_jhb_hq','2026-01-06T23:00:00Z',400.0,'ZA-NPC'),
('cfeld_seed_7_0','demo_offtaker_001','site_jhb_hq','2026-01-07T00:00:00Z',400.0,'ZA-NPC'),
('cfeld_seed_7_1','demo_offtaker_001','site_jhb_hq','2026-01-07T01:00:00Z',400.0,'ZA-NPC'),
('cfeld_seed_7_2','demo_offtaker_001','site_jhb_hq','2026-01-07T02:00:00Z',400.0,'ZA-NPC'),
('cfeld_seed_7_3','demo_offtaker_001','site_jhb_hq','2026-01-07T03:00:00Z',400.0,'ZA-NPC'),
('cfeld_seed_7_4','demo_offtaker_001','site_jhb_hq','2026-01-07T04:00:00Z',400.0,'ZA-NPC'),
('cfeld_seed_7_5','demo_offtaker_001','site_jhb_hq','2026-01-07T05:00:00Z',400.0,'ZA-NPC'),
('cfeld_seed_7_6','demo_offtaker_001','site_jhb_hq','2026-01-07T06:00:00Z',800.0,'ZA-NPC'),
('cfeld_seed_7_7','demo_offtaker_001','site_jhb_hq','2026-01-07T07:00:00Z',800.0,'ZA-NPC'),
('cfeld_seed_7_8','demo_offtaker_001','site_jhb_hq','2026-01-07T08:00:00Z',800.0,'ZA-NPC'),
('cfeld_seed_7_9','demo_offtaker_001','site_jhb_hq','2026-01-07T09:00:00Z',800.0,'ZA-NPC'),
('cfeld_seed_7_10','demo_offtaker_001','site_jhb_hq','2026-01-07T10:00:00Z',800.0,'ZA-NPC'),
('cfeld_seed_7_11','demo_offtaker_001','site_jhb_hq','2026-01-07T11:00:00Z',800.0,'ZA-NPC'),
('cfeld_seed_7_12','demo_offtaker_001','site_jhb_hq','2026-01-07T12:00:00Z',800.0,'ZA-NPC'),
('cfeld_seed_7_13','demo_offtaker_001','site_jhb_hq','2026-01-07T13:00:00Z',800.0,'ZA-NPC'),
('cfeld_seed_7_14','demo_offtaker_001','site_jhb_hq','2026-01-07T14:00:00Z',800.0,'ZA-NPC'),
('cfeld_seed_7_15','demo_offtaker_001','site_jhb_hq','2026-01-07T15:00:00Z',800.0,'ZA-NPC'),
('cfeld_seed_7_16','demo_offtaker_001','site_jhb_hq','2026-01-07T16:00:00Z',800.0,'ZA-NPC'),
('cfeld_seed_7_17','demo_offtaker_001','site_jhb_hq','2026-01-07T17:00:00Z',800.0,'ZA-NPC'),
('cfeld_seed_7_18','demo_offtaker_001','site_jhb_hq','2026-01-07T18:00:00Z',400.0,'ZA-NPC'),
('cfeld_seed_7_19','demo_offtaker_001','site_jhb_hq','2026-01-07T19:00:00Z',400.0,'ZA-NPC'),
('cfeld_seed_7_20','demo_offtaker_001','site_jhb_hq','2026-01-07T20:00:00Z',400.0,'ZA-NPC'),
('cfeld_seed_7_21','demo_offtaker_001','site_jhb_hq','2026-01-07T21:00:00Z',400.0,'ZA-NPC'),
('cfeld_seed_7_22','demo_offtaker_001','site_jhb_hq','2026-01-07T22:00:00Z',400.0,'ZA-NPC'),
('cfeld_seed_7_23','demo_offtaker_001','site_jhb_hq','2026-01-07T23:00:00Z',400.0,'ZA-NPC');
-- SOLAR GEN
INSERT OR IGNORE INTO cfe_hourly_generation (id, participant_id, source_type, source_ref, technology, hour_utc, generation_kwh, grid_zone) VALUES
('cfegn_sol_seed_1_0','demo_offtaker_001','ppa','ppa_karoo_solar_25mw','solar','2026-01-01T00:00:00Z',0.0,'ZA-NPC'),
('cfegn_sol_seed_1_1','demo_offtaker_001','ppa','ppa_karoo_solar_25mw','solar','2026-01-01T01:00:00Z',0.0,'ZA-NPC'),
('cfegn_sol_seed_1_2','demo_offtaker_001','ppa','ppa_karoo_solar_25mw','solar','2026-01-01T02:00:00Z',0.0,'ZA-NPC'),
('cfegn_sol_seed_1_3','demo_offtaker_001','ppa','ppa_karoo_solar_25mw','solar','2026-01-01T03:00:00Z',0.0,'ZA-NPC'),
('cfegn_sol_seed_1_4','demo_offtaker_001','ppa','ppa_karoo_solar_25mw','solar','2026-01-01T04:00:00Z',0.0,'ZA-NPC'),
('cfegn_sol_seed_1_5','demo_offtaker_001','ppa','ppa_karoo_solar_25mw','solar','2026-01-01T05:00:00Z',0.0,'ZA-NPC'),
('cfegn_sol_seed_1_6','demo_offtaker_001','ppa','ppa_karoo_solar_25mw','solar','2026-01-01T06:00:00Z',0.0,'ZA-NPC'),
('cfegn_sol_seed_1_7','demo_offtaker_001','ppa','ppa_karoo_solar_25mw','solar','2026-01-01T07:00:00Z',300.0,'ZA-NPC'),
('cfegn_sol_seed_1_8','demo_offtaker_001','ppa','ppa_karoo_solar_25mw','solar','2026-01-01T08:00:00Z',300.0,'ZA-NPC'),
('cfegn_sol_seed_1_9','demo_offtaker_001','ppa','ppa_karoo_solar_25mw','solar','2026-01-01T09:00:00Z',600.0,'ZA-NPC'),
('cfegn_sol_seed_1_10','demo_offtaker_001','ppa','ppa_karoo_solar_25mw','solar','2026-01-01T10:00:00Z',600.0,'ZA-NPC'),
('cfegn_sol_seed_1_11','demo_offtaker_001','ppa','ppa_karoo_solar_25mw','solar','2026-01-01T11:00:00Z',600.0,'ZA-NPC'),
('cfegn_sol_seed_1_12','demo_offtaker_001','ppa','ppa_karoo_solar_25mw','solar','2026-01-01T12:00:00Z',600.0,'ZA-NPC'),
('cfegn_sol_seed_1_13','demo_offtaker_001','ppa','ppa_karoo_solar_25mw','solar','2026-01-01T13:00:00Z',600.0,'ZA-NPC'),
('cfegn_sol_seed_1_14','demo_offtaker_001','ppa','ppa_karoo_solar_25mw','solar','2026-01-01T14:00:00Z',600.0,'ZA-NPC'),
('cfegn_sol_seed_1_15','demo_offtaker_001','ppa','ppa_karoo_solar_25mw','solar','2026-01-01T15:00:00Z',600.0,'ZA-NPC'),
('cfegn_sol_seed_1_16','demo_offtaker_001','ppa','ppa_karoo_solar_25mw','solar','2026-01-01T16:00:00Z',300.0,'ZA-NPC'),
('cfegn_sol_seed_1_17','demo_offtaker_001','ppa','ppa_karoo_solar_25mw','solar','2026-01-01T17:00:00Z',300.0,'ZA-NPC'),
('cfegn_sol_seed_1_18','demo_offtaker_001','ppa','ppa_karoo_solar_25mw','solar','2026-01-01T18:00:00Z',0.0,'ZA-NPC'),
('cfegn_sol_seed_1_19','demo_offtaker_001','ppa','ppa_karoo_solar_25mw','solar','2026-01-01T19:00:00Z',0.0,'ZA-NPC'),
('cfegn_sol_seed_1_20','demo_offtaker_001','ppa','ppa_karoo_solar_25mw','solar','2026-01-01T20:00:00Z',0.0,'ZA-NPC'),
('cfegn_sol_seed_1_21','demo_offtaker_001','ppa','ppa_karoo_solar_25mw','solar','2026-01-01T21:00:00Z',0.0,'ZA-NPC'),
('cfegn_sol_seed_1_22','demo_offtaker_001','ppa','ppa_karoo_solar_25mw','solar','2026-01-01T22:00:00Z',0.0,'ZA-NPC'),
('cfegn_sol_seed_1_23','demo_offtaker_001','ppa','ppa_karoo_solar_25mw','solar','2026-01-01T23:00:00Z',0.0,'ZA-NPC'),
('cfegn_sol_seed_2_0','demo_offtaker_001','ppa','ppa_karoo_solar_25mw','solar','2026-01-02T00:00:00Z',0.0,'ZA-NPC'),
('cfegn_sol_seed_2_1','demo_offtaker_001','ppa','ppa_karoo_solar_25mw','solar','2026-01-02T01:00:00Z',0.0,'ZA-NPC'),
('cfegn_sol_seed_2_2','demo_offtaker_001','ppa','ppa_karoo_solar_25mw','solar','2026-01-02T02:00:00Z',0.0,'ZA-NPC'),
('cfegn_sol_seed_2_3','demo_offtaker_001','ppa','ppa_karoo_solar_25mw','solar','2026-01-02T03:00:00Z',0.0,'ZA-NPC'),
('cfegn_sol_seed_2_4','demo_offtaker_001','ppa','ppa_karoo_solar_25mw','solar','2026-01-02T04:00:00Z',0.0,'ZA-NPC'),
('cfegn_sol_seed_2_5','demo_offtaker_001','ppa','ppa_karoo_solar_25mw','solar','2026-01-02T05:00:00Z',0.0,'ZA-NPC'),
('cfegn_sol_seed_2_6','demo_offtaker_001','ppa','ppa_karoo_solar_25mw','solar','2026-01-02T06:00:00Z',0.0,'ZA-NPC'),
('cfegn_sol_seed_2_7','demo_offtaker_001','ppa','ppa_karoo_solar_25mw','solar','2026-01-02T07:00:00Z',300.0,'ZA-NPC'),
('cfegn_sol_seed_2_8','demo_offtaker_001','ppa','ppa_karoo_solar_25mw','solar','2026-01-02T08:00:00Z',300.0,'ZA-NPC'),
('cfegn_sol_seed_2_9','demo_offtaker_001','ppa','ppa_karoo_solar_25mw','solar','2026-01-02T09:00:00Z',600.0,'ZA-NPC'),
('cfegn_sol_seed_2_10','demo_offtaker_001','ppa','ppa_karoo_solar_25mw','solar','2026-01-02T10:00:00Z',600.0,'ZA-NPC'),
('cfegn_sol_seed_2_11','demo_offtaker_001','ppa','ppa_karoo_solar_25mw','solar','2026-01-02T11:00:00Z',600.0,'ZA-NPC'),
('cfegn_sol_seed_2_12','demo_offtaker_001','ppa','ppa_karoo_solar_25mw','solar','2026-01-02T12:00:00Z',600.0,'ZA-NPC'),
('cfegn_sol_seed_2_13','demo_offtaker_001','ppa','ppa_karoo_solar_25mw','solar','2026-01-02T13:00:00Z',600.0,'ZA-NPC'),
('cfegn_sol_seed_2_14','demo_offtaker_001','ppa','ppa_karoo_solar_25mw','solar','2026-01-02T14:00:00Z',600.0,'ZA-NPC'),
('cfegn_sol_seed_2_15','demo_offtaker_001','ppa','ppa_karoo_solar_25mw','solar','2026-01-02T15:00:00Z',600.0,'ZA-NPC'),
('cfegn_sol_seed_2_16','demo_offtaker_001','ppa','ppa_karoo_solar_25mw','solar','2026-01-02T16:00:00Z',300.0,'ZA-NPC'),
('cfegn_sol_seed_2_17','demo_offtaker_001','ppa','ppa_karoo_solar_25mw','solar','2026-01-02T17:00:00Z',300.0,'ZA-NPC'),
('cfegn_sol_seed_2_18','demo_offtaker_001','ppa','ppa_karoo_solar_25mw','solar','2026-01-02T18:00:00Z',0.0,'ZA-NPC'),
('cfegn_sol_seed_2_19','demo_offtaker_001','ppa','ppa_karoo_solar_25mw','solar','2026-01-02T19:00:00Z',0.0,'ZA-NPC'),
('cfegn_sol_seed_2_20','demo_offtaker_001','ppa','ppa_karoo_solar_25mw','solar','2026-01-02T20:00:00Z',0.0,'ZA-NPC'),
('cfegn_sol_seed_2_21','demo_offtaker_001','ppa','ppa_karoo_solar_25mw','solar','2026-01-02T21:00:00Z',0.0,'ZA-NPC'),
('cfegn_sol_seed_2_22','demo_offtaker_001','ppa','ppa_karoo_solar_25mw','solar','2026-01-02T22:00:00Z',0.0,'ZA-NPC'),
('cfegn_sol_seed_2_23','demo_offtaker_001','ppa','ppa_karoo_solar_25mw','solar','2026-01-02T23:00:00Z',0.0,'ZA-NPC'),
('cfegn_sol_seed_3_0','demo_offtaker_001','ppa','ppa_karoo_solar_25mw','solar','2026-01-03T00:00:00Z',0.0,'ZA-NPC'),
('cfegn_sol_seed_3_1','demo_offtaker_001','ppa','ppa_karoo_solar_25mw','solar','2026-01-03T01:00:00Z',0.0,'ZA-NPC'),
('cfegn_sol_seed_3_2','demo_offtaker_001','ppa','ppa_karoo_solar_25mw','solar','2026-01-03T02:00:00Z',0.0,'ZA-NPC'),
('cfegn_sol_seed_3_3','demo_offtaker_001','ppa','ppa_karoo_solar_25mw','solar','2026-01-03T03:00:00Z',0.0,'ZA-NPC'),
('cfegn_sol_seed_3_4','demo_offtaker_001','ppa','ppa_karoo_solar_25mw','solar','2026-01-03T04:00:00Z',0.0,'ZA-NPC'),
('cfegn_sol_seed_3_5','demo_offtaker_001','ppa','ppa_karoo_solar_25mw','solar','2026-01-03T05:00:00Z',0.0,'ZA-NPC'),
('cfegn_sol_seed_3_6','demo_offtaker_001','ppa','ppa_karoo_solar_25mw','solar','2026-01-03T06:00:00Z',0.0,'ZA-NPC'),
('cfegn_sol_seed_3_7','demo_offtaker_001','ppa','ppa_karoo_solar_25mw','solar','2026-01-03T07:00:00Z',300.0,'ZA-NPC'),
('cfegn_sol_seed_3_8','demo_offtaker_001','ppa','ppa_karoo_solar_25mw','solar','2026-01-03T08:00:00Z',300.0,'ZA-NPC'),
('cfegn_sol_seed_3_9','demo_offtaker_001','ppa','ppa_karoo_solar_25mw','solar','2026-01-03T09:00:00Z',600.0,'ZA-NPC'),
('cfegn_sol_seed_3_10','demo_offtaker_001','ppa','ppa_karoo_solar_25mw','solar','2026-01-03T10:00:00Z',600.0,'ZA-NPC'),
('cfegn_sol_seed_3_11','demo_offtaker_001','ppa','ppa_karoo_solar_25mw','solar','2026-01-03T11:00:00Z',600.0,'ZA-NPC'),
('cfegn_sol_seed_3_12','demo_offtaker_001','ppa','ppa_karoo_solar_25mw','solar','2026-01-03T12:00:00Z',600.0,'ZA-NPC'),
('cfegn_sol_seed_3_13','demo_offtaker_001','ppa','ppa_karoo_solar_25mw','solar','2026-01-03T13:00:00Z',600.0,'ZA-NPC'),
('cfegn_sol_seed_3_14','demo_offtaker_001','ppa','ppa_karoo_solar_25mw','solar','2026-01-03T14:00:00Z',600.0,'ZA-NPC'),
('cfegn_sol_seed_3_15','demo_offtaker_001','ppa','ppa_karoo_solar_25mw','solar','2026-01-03T15:00:00Z',600.0,'ZA-NPC'),
('cfegn_sol_seed_3_16','demo_offtaker_001','ppa','ppa_karoo_solar_25mw','solar','2026-01-03T16:00:00Z',300.0,'ZA-NPC'),
('cfegn_sol_seed_3_17','demo_offtaker_001','ppa','ppa_karoo_solar_25mw','solar','2026-01-03T17:00:00Z',300.0,'ZA-NPC'),
('cfegn_sol_seed_3_18','demo_offtaker_001','ppa','ppa_karoo_solar_25mw','solar','2026-01-03T18:00:00Z',0.0,'ZA-NPC'),
('cfegn_sol_seed_3_19','demo_offtaker_001','ppa','ppa_karoo_solar_25mw','solar','2026-01-03T19:00:00Z',0.0,'ZA-NPC'),
('cfegn_sol_seed_3_20','demo_offtaker_001','ppa','ppa_karoo_solar_25mw','solar','2026-01-03T20:00:00Z',0.0,'ZA-NPC'),
('cfegn_sol_seed_3_21','demo_offtaker_001','ppa','ppa_karoo_solar_25mw','solar','2026-01-03T21:00:00Z',0.0,'ZA-NPC'),
('cfegn_sol_seed_3_22','demo_offtaker_001','ppa','ppa_karoo_solar_25mw','solar','2026-01-03T22:00:00Z',0.0,'ZA-NPC'),
('cfegn_sol_seed_3_23','demo_offtaker_001','ppa','ppa_karoo_solar_25mw','solar','2026-01-03T23:00:00Z',0.0,'ZA-NPC'),
('cfegn_sol_seed_4_0','demo_offtaker_001','ppa','ppa_karoo_solar_25mw','solar','2026-01-04T00:00:00Z',0.0,'ZA-NPC'),
('cfegn_sol_seed_4_1','demo_offtaker_001','ppa','ppa_karoo_solar_25mw','solar','2026-01-04T01:00:00Z',0.0,'ZA-NPC'),
('cfegn_sol_seed_4_2','demo_offtaker_001','ppa','ppa_karoo_solar_25mw','solar','2026-01-04T02:00:00Z',0.0,'ZA-NPC'),
('cfegn_sol_seed_4_3','demo_offtaker_001','ppa','ppa_karoo_solar_25mw','solar','2026-01-04T03:00:00Z',0.0,'ZA-NPC'),
('cfegn_sol_seed_4_4','demo_offtaker_001','ppa','ppa_karoo_solar_25mw','solar','2026-01-04T04:00:00Z',0.0,'ZA-NPC'),
('cfegn_sol_seed_4_5','demo_offtaker_001','ppa','ppa_karoo_solar_25mw','solar','2026-01-04T05:00:00Z',0.0,'ZA-NPC'),
('cfegn_sol_seed_4_6','demo_offtaker_001','ppa','ppa_karoo_solar_25mw','solar','2026-01-04T06:00:00Z',0.0,'ZA-NPC'),
('cfegn_sol_seed_4_7','demo_offtaker_001','ppa','ppa_karoo_solar_25mw','solar','2026-01-04T07:00:00Z',300.0,'ZA-NPC'),
('cfegn_sol_seed_4_8','demo_offtaker_001','ppa','ppa_karoo_solar_25mw','solar','2026-01-04T08:00:00Z',300.0,'ZA-NPC'),
('cfegn_sol_seed_4_9','demo_offtaker_001','ppa','ppa_karoo_solar_25mw','solar','2026-01-04T09:00:00Z',600.0,'ZA-NPC'),
('cfegn_sol_seed_4_10','demo_offtaker_001','ppa','ppa_karoo_solar_25mw','solar','2026-01-04T10:00:00Z',600.0,'ZA-NPC'),
('cfegn_sol_seed_4_11','demo_offtaker_001','ppa','ppa_karoo_solar_25mw','solar','2026-01-04T11:00:00Z',600.0,'ZA-NPC'),
('cfegn_sol_seed_4_12','demo_offtaker_001','ppa','ppa_karoo_solar_25mw','solar','2026-01-04T12:00:00Z',600.0,'ZA-NPC'),
('cfegn_sol_seed_4_13','demo_offtaker_001','ppa','ppa_karoo_solar_25mw','solar','2026-01-04T13:00:00Z',600.0,'ZA-NPC'),
('cfegn_sol_seed_4_14','demo_offtaker_001','ppa','ppa_karoo_solar_25mw','solar','2026-01-04T14:00:00Z',600.0,'ZA-NPC'),
('cfegn_sol_seed_4_15','demo_offtaker_001','ppa','ppa_karoo_solar_25mw','solar','2026-01-04T15:00:00Z',600.0,'ZA-NPC'),
('cfegn_sol_seed_4_16','demo_offtaker_001','ppa','ppa_karoo_solar_25mw','solar','2026-01-04T16:00:00Z',300.0,'ZA-NPC'),
('cfegn_sol_seed_4_17','demo_offtaker_001','ppa','ppa_karoo_solar_25mw','solar','2026-01-04T17:00:00Z',300.0,'ZA-NPC'),
('cfegn_sol_seed_4_18','demo_offtaker_001','ppa','ppa_karoo_solar_25mw','solar','2026-01-04T18:00:00Z',0.0,'ZA-NPC'),
('cfegn_sol_seed_4_19','demo_offtaker_001','ppa','ppa_karoo_solar_25mw','solar','2026-01-04T19:00:00Z',0.0,'ZA-NPC'),
('cfegn_sol_seed_4_20','demo_offtaker_001','ppa','ppa_karoo_solar_25mw','solar','2026-01-04T20:00:00Z',0.0,'ZA-NPC'),
('cfegn_sol_seed_4_21','demo_offtaker_001','ppa','ppa_karoo_solar_25mw','solar','2026-01-04T21:00:00Z',0.0,'ZA-NPC'),
('cfegn_sol_seed_4_22','demo_offtaker_001','ppa','ppa_karoo_solar_25mw','solar','2026-01-04T22:00:00Z',0.0,'ZA-NPC'),
('cfegn_sol_seed_4_23','demo_offtaker_001','ppa','ppa_karoo_solar_25mw','solar','2026-01-04T23:00:00Z',0.0,'ZA-NPC'),
('cfegn_sol_seed_5_0','demo_offtaker_001','ppa','ppa_karoo_solar_25mw','solar','2026-01-05T00:00:00Z',0.0,'ZA-NPC'),
('cfegn_sol_seed_5_1','demo_offtaker_001','ppa','ppa_karoo_solar_25mw','solar','2026-01-05T01:00:00Z',0.0,'ZA-NPC'),
('cfegn_sol_seed_5_2','demo_offtaker_001','ppa','ppa_karoo_solar_25mw','solar','2026-01-05T02:00:00Z',0.0,'ZA-NPC'),
('cfegn_sol_seed_5_3','demo_offtaker_001','ppa','ppa_karoo_solar_25mw','solar','2026-01-05T03:00:00Z',0.0,'ZA-NPC'),
('cfegn_sol_seed_5_4','demo_offtaker_001','ppa','ppa_karoo_solar_25mw','solar','2026-01-05T04:00:00Z',0.0,'ZA-NPC'),
('cfegn_sol_seed_5_5','demo_offtaker_001','ppa','ppa_karoo_solar_25mw','solar','2026-01-05T05:00:00Z',0.0,'ZA-NPC'),
('cfegn_sol_seed_5_6','demo_offtaker_001','ppa','ppa_karoo_solar_25mw','solar','2026-01-05T06:00:00Z',0.0,'ZA-NPC'),
('cfegn_sol_seed_5_7','demo_offtaker_001','ppa','ppa_karoo_solar_25mw','solar','2026-01-05T07:00:00Z',300.0,'ZA-NPC'),
('cfegn_sol_seed_5_8','demo_offtaker_001','ppa','ppa_karoo_solar_25mw','solar','2026-01-05T08:00:00Z',300.0,'ZA-NPC'),
('cfegn_sol_seed_5_9','demo_offtaker_001','ppa','ppa_karoo_solar_25mw','solar','2026-01-05T09:00:00Z',600.0,'ZA-NPC'),
('cfegn_sol_seed_5_10','demo_offtaker_001','ppa','ppa_karoo_solar_25mw','solar','2026-01-05T10:00:00Z',600.0,'ZA-NPC'),
('cfegn_sol_seed_5_11','demo_offtaker_001','ppa','ppa_karoo_solar_25mw','solar','2026-01-05T11:00:00Z',600.0,'ZA-NPC'),
('cfegn_sol_seed_5_12','demo_offtaker_001','ppa','ppa_karoo_solar_25mw','solar','2026-01-05T12:00:00Z',600.0,'ZA-NPC'),
('cfegn_sol_seed_5_13','demo_offtaker_001','ppa','ppa_karoo_solar_25mw','solar','2026-01-05T13:00:00Z',600.0,'ZA-NPC'),
('cfegn_sol_seed_5_14','demo_offtaker_001','ppa','ppa_karoo_solar_25mw','solar','2026-01-05T14:00:00Z',600.0,'ZA-NPC'),
('cfegn_sol_seed_5_15','demo_offtaker_001','ppa','ppa_karoo_solar_25mw','solar','2026-01-05T15:00:00Z',600.0,'ZA-NPC'),
('cfegn_sol_seed_5_16','demo_offtaker_001','ppa','ppa_karoo_solar_25mw','solar','2026-01-05T16:00:00Z',300.0,'ZA-NPC'),
('cfegn_sol_seed_5_17','demo_offtaker_001','ppa','ppa_karoo_solar_25mw','solar','2026-01-05T17:00:00Z',300.0,'ZA-NPC'),
('cfegn_sol_seed_5_18','demo_offtaker_001','ppa','ppa_karoo_solar_25mw','solar','2026-01-05T18:00:00Z',0.0,'ZA-NPC'),
('cfegn_sol_seed_5_19','demo_offtaker_001','ppa','ppa_karoo_solar_25mw','solar','2026-01-05T19:00:00Z',0.0,'ZA-NPC'),
('cfegn_sol_seed_5_20','demo_offtaker_001','ppa','ppa_karoo_solar_25mw','solar','2026-01-05T20:00:00Z',0.0,'ZA-NPC'),
('cfegn_sol_seed_5_21','demo_offtaker_001','ppa','ppa_karoo_solar_25mw','solar','2026-01-05T21:00:00Z',0.0,'ZA-NPC'),
('cfegn_sol_seed_5_22','demo_offtaker_001','ppa','ppa_karoo_solar_25mw','solar','2026-01-05T22:00:00Z',0.0,'ZA-NPC'),
('cfegn_sol_seed_5_23','demo_offtaker_001','ppa','ppa_karoo_solar_25mw','solar','2026-01-05T23:00:00Z',0.0,'ZA-NPC'),
('cfegn_sol_seed_6_0','demo_offtaker_001','ppa','ppa_karoo_solar_25mw','solar','2026-01-06T00:00:00Z',0.0,'ZA-NPC'),
('cfegn_sol_seed_6_1','demo_offtaker_001','ppa','ppa_karoo_solar_25mw','solar','2026-01-06T01:00:00Z',0.0,'ZA-NPC'),
('cfegn_sol_seed_6_2','demo_offtaker_001','ppa','ppa_karoo_solar_25mw','solar','2026-01-06T02:00:00Z',0.0,'ZA-NPC'),
('cfegn_sol_seed_6_3','demo_offtaker_001','ppa','ppa_karoo_solar_25mw','solar','2026-01-06T03:00:00Z',0.0,'ZA-NPC'),
('cfegn_sol_seed_6_4','demo_offtaker_001','ppa','ppa_karoo_solar_25mw','solar','2026-01-06T04:00:00Z',0.0,'ZA-NPC'),
('cfegn_sol_seed_6_5','demo_offtaker_001','ppa','ppa_karoo_solar_25mw','solar','2026-01-06T05:00:00Z',0.0,'ZA-NPC'),
('cfegn_sol_seed_6_6','demo_offtaker_001','ppa','ppa_karoo_solar_25mw','solar','2026-01-06T06:00:00Z',0.0,'ZA-NPC'),
('cfegn_sol_seed_6_7','demo_offtaker_001','ppa','ppa_karoo_solar_25mw','solar','2026-01-06T07:00:00Z',300.0,'ZA-NPC'),
('cfegn_sol_seed_6_8','demo_offtaker_001','ppa','ppa_karoo_solar_25mw','solar','2026-01-06T08:00:00Z',300.0,'ZA-NPC'),
('cfegn_sol_seed_6_9','demo_offtaker_001','ppa','ppa_karoo_solar_25mw','solar','2026-01-06T09:00:00Z',600.0,'ZA-NPC'),
('cfegn_sol_seed_6_10','demo_offtaker_001','ppa','ppa_karoo_solar_25mw','solar','2026-01-06T10:00:00Z',600.0,'ZA-NPC'),
('cfegn_sol_seed_6_11','demo_offtaker_001','ppa','ppa_karoo_solar_25mw','solar','2026-01-06T11:00:00Z',600.0,'ZA-NPC'),
('cfegn_sol_seed_6_12','demo_offtaker_001','ppa','ppa_karoo_solar_25mw','solar','2026-01-06T12:00:00Z',600.0,'ZA-NPC'),
('cfegn_sol_seed_6_13','demo_offtaker_001','ppa','ppa_karoo_solar_25mw','solar','2026-01-06T13:00:00Z',600.0,'ZA-NPC'),
('cfegn_sol_seed_6_14','demo_offtaker_001','ppa','ppa_karoo_solar_25mw','solar','2026-01-06T14:00:00Z',600.0,'ZA-NPC'),
('cfegn_sol_seed_6_15','demo_offtaker_001','ppa','ppa_karoo_solar_25mw','solar','2026-01-06T15:00:00Z',600.0,'ZA-NPC'),
('cfegn_sol_seed_6_16','demo_offtaker_001','ppa','ppa_karoo_solar_25mw','solar','2026-01-06T16:00:00Z',300.0,'ZA-NPC'),
('cfegn_sol_seed_6_17','demo_offtaker_001','ppa','ppa_karoo_solar_25mw','solar','2026-01-06T17:00:00Z',300.0,'ZA-NPC'),
('cfegn_sol_seed_6_18','demo_offtaker_001','ppa','ppa_karoo_solar_25mw','solar','2026-01-06T18:00:00Z',0.0,'ZA-NPC'),
('cfegn_sol_seed_6_19','demo_offtaker_001','ppa','ppa_karoo_solar_25mw','solar','2026-01-06T19:00:00Z',0.0,'ZA-NPC'),
('cfegn_sol_seed_6_20','demo_offtaker_001','ppa','ppa_karoo_solar_25mw','solar','2026-01-06T20:00:00Z',0.0,'ZA-NPC'),
('cfegn_sol_seed_6_21','demo_offtaker_001','ppa','ppa_karoo_solar_25mw','solar','2026-01-06T21:00:00Z',0.0,'ZA-NPC'),
('cfegn_sol_seed_6_22','demo_offtaker_001','ppa','ppa_karoo_solar_25mw','solar','2026-01-06T22:00:00Z',0.0,'ZA-NPC'),
('cfegn_sol_seed_6_23','demo_offtaker_001','ppa','ppa_karoo_solar_25mw','solar','2026-01-06T23:00:00Z',0.0,'ZA-NPC'),
('cfegn_sol_seed_7_0','demo_offtaker_001','ppa','ppa_karoo_solar_25mw','solar','2026-01-07T00:00:00Z',0.0,'ZA-NPC'),
('cfegn_sol_seed_7_1','demo_offtaker_001','ppa','ppa_karoo_solar_25mw','solar','2026-01-07T01:00:00Z',0.0,'ZA-NPC'),
('cfegn_sol_seed_7_2','demo_offtaker_001','ppa','ppa_karoo_solar_25mw','solar','2026-01-07T02:00:00Z',0.0,'ZA-NPC'),
('cfegn_sol_seed_7_3','demo_offtaker_001','ppa','ppa_karoo_solar_25mw','solar','2026-01-07T03:00:00Z',0.0,'ZA-NPC'),
('cfegn_sol_seed_7_4','demo_offtaker_001','ppa','ppa_karoo_solar_25mw','solar','2026-01-07T04:00:00Z',0.0,'ZA-NPC'),
('cfegn_sol_seed_7_5','demo_offtaker_001','ppa','ppa_karoo_solar_25mw','solar','2026-01-07T05:00:00Z',0.0,'ZA-NPC'),
('cfegn_sol_seed_7_6','demo_offtaker_001','ppa','ppa_karoo_solar_25mw','solar','2026-01-07T06:00:00Z',0.0,'ZA-NPC'),
('cfegn_sol_seed_7_7','demo_offtaker_001','ppa','ppa_karoo_solar_25mw','solar','2026-01-07T07:00:00Z',300.0,'ZA-NPC'),
('cfegn_sol_seed_7_8','demo_offtaker_001','ppa','ppa_karoo_solar_25mw','solar','2026-01-07T08:00:00Z',300.0,'ZA-NPC'),
('cfegn_sol_seed_7_9','demo_offtaker_001','ppa','ppa_karoo_solar_25mw','solar','2026-01-07T09:00:00Z',600.0,'ZA-NPC'),
('cfegn_sol_seed_7_10','demo_offtaker_001','ppa','ppa_karoo_solar_25mw','solar','2026-01-07T10:00:00Z',600.0,'ZA-NPC'),
('cfegn_sol_seed_7_11','demo_offtaker_001','ppa','ppa_karoo_solar_25mw','solar','2026-01-07T11:00:00Z',600.0,'ZA-NPC'),
('cfegn_sol_seed_7_12','demo_offtaker_001','ppa','ppa_karoo_solar_25mw','solar','2026-01-07T12:00:00Z',600.0,'ZA-NPC'),
('cfegn_sol_seed_7_13','demo_offtaker_001','ppa','ppa_karoo_solar_25mw','solar','2026-01-07T13:00:00Z',600.0,'ZA-NPC'),
('cfegn_sol_seed_7_14','demo_offtaker_001','ppa','ppa_karoo_solar_25mw','solar','2026-01-07T14:00:00Z',600.0,'ZA-NPC'),
('cfegn_sol_seed_7_15','demo_offtaker_001','ppa','ppa_karoo_solar_25mw','solar','2026-01-07T15:00:00Z',600.0,'ZA-NPC'),
('cfegn_sol_seed_7_16','demo_offtaker_001','ppa','ppa_karoo_solar_25mw','solar','2026-01-07T16:00:00Z',300.0,'ZA-NPC'),
('cfegn_sol_seed_7_17','demo_offtaker_001','ppa','ppa_karoo_solar_25mw','solar','2026-01-07T17:00:00Z',300.0,'ZA-NPC'),
('cfegn_sol_seed_7_18','demo_offtaker_001','ppa','ppa_karoo_solar_25mw','solar','2026-01-07T18:00:00Z',0.0,'ZA-NPC'),
('cfegn_sol_seed_7_19','demo_offtaker_001','ppa','ppa_karoo_solar_25mw','solar','2026-01-07T19:00:00Z',0.0,'ZA-NPC'),
('cfegn_sol_seed_7_20','demo_offtaker_001','ppa','ppa_karoo_solar_25mw','solar','2026-01-07T20:00:00Z',0.0,'ZA-NPC'),
('cfegn_sol_seed_7_21','demo_offtaker_001','ppa','ppa_karoo_solar_25mw','solar','2026-01-07T21:00:00Z',0.0,'ZA-NPC'),
('cfegn_sol_seed_7_22','demo_offtaker_001','ppa','ppa_karoo_solar_25mw','solar','2026-01-07T22:00:00Z',0.0,'ZA-NPC'),
('cfegn_sol_seed_7_23','demo_offtaker_001','ppa','ppa_karoo_solar_25mw','solar','2026-01-07T23:00:00Z',0.0,'ZA-NPC');
-- WIND GEN
INSERT OR IGNORE INTO cfe_hourly_generation (id, participant_id, source_type, source_ref, technology, hour_utc, generation_kwh, grid_zone) VALUES
('cfegn_win_seed_1_0','demo_offtaker_001','ppa','ppa_western_wind_8mw','wind','2026-01-01T00:00:00Z',150.0,'ZA-NPC'),
('cfegn_win_seed_1_1','demo_offtaker_001','ppa','ppa_western_wind_8mw','wind','2026-01-01T01:00:00Z',150.0,'ZA-NPC'),
('cfegn_win_seed_1_2','demo_offtaker_001','ppa','ppa_western_wind_8mw','wind','2026-01-01T02:00:00Z',150.0,'ZA-NPC'),
('cfegn_win_seed_1_3','demo_offtaker_001','ppa','ppa_western_wind_8mw','wind','2026-01-01T03:00:00Z',150.0,'ZA-NPC'),
('cfegn_win_seed_1_4','demo_offtaker_001','ppa','ppa_western_wind_8mw','wind','2026-01-01T04:00:00Z',150.0,'ZA-NPC'),
('cfegn_win_seed_1_5','demo_offtaker_001','ppa','ppa_western_wind_8mw','wind','2026-01-01T05:00:00Z',150.0,'ZA-NPC'),
('cfegn_win_seed_1_6','demo_offtaker_001','ppa','ppa_western_wind_8mw','wind','2026-01-01T06:00:00Z',150.0,'ZA-NPC'),
('cfegn_win_seed_1_7','demo_offtaker_001','ppa','ppa_western_wind_8mw','wind','2026-01-01T07:00:00Z',150.0,'ZA-NPC'),
('cfegn_win_seed_1_8','demo_offtaker_001','ppa','ppa_western_wind_8mw','wind','2026-01-01T08:00:00Z',150.0,'ZA-NPC'),
('cfegn_win_seed_1_9','demo_offtaker_001','ppa','ppa_western_wind_8mw','wind','2026-01-01T09:00:00Z',150.0,'ZA-NPC'),
('cfegn_win_seed_1_10','demo_offtaker_001','ppa','ppa_western_wind_8mw','wind','2026-01-01T10:00:00Z',150.0,'ZA-NPC'),
('cfegn_win_seed_1_11','demo_offtaker_001','ppa','ppa_western_wind_8mw','wind','2026-01-01T11:00:00Z',150.0,'ZA-NPC'),
('cfegn_win_seed_1_12','demo_offtaker_001','ppa','ppa_western_wind_8mw','wind','2026-01-01T12:00:00Z',150.0,'ZA-NPC'),
('cfegn_win_seed_1_13','demo_offtaker_001','ppa','ppa_western_wind_8mw','wind','2026-01-01T13:00:00Z',150.0,'ZA-NPC'),
('cfegn_win_seed_1_14','demo_offtaker_001','ppa','ppa_western_wind_8mw','wind','2026-01-01T14:00:00Z',150.0,'ZA-NPC'),
('cfegn_win_seed_1_15','demo_offtaker_001','ppa','ppa_western_wind_8mw','wind','2026-01-01T15:00:00Z',150.0,'ZA-NPC'),
('cfegn_win_seed_1_16','demo_offtaker_001','ppa','ppa_western_wind_8mw','wind','2026-01-01T16:00:00Z',150.0,'ZA-NPC'),
('cfegn_win_seed_1_17','demo_offtaker_001','ppa','ppa_western_wind_8mw','wind','2026-01-01T17:00:00Z',150.0,'ZA-NPC'),
('cfegn_win_seed_1_18','demo_offtaker_001','ppa','ppa_western_wind_8mw','wind','2026-01-01T18:00:00Z',150.0,'ZA-NPC'),
('cfegn_win_seed_1_19','demo_offtaker_001','ppa','ppa_western_wind_8mw','wind','2026-01-01T19:00:00Z',150.0,'ZA-NPC'),
('cfegn_win_seed_1_20','demo_offtaker_001','ppa','ppa_western_wind_8mw','wind','2026-01-01T20:00:00Z',150.0,'ZA-NPC'),
('cfegn_win_seed_1_21','demo_offtaker_001','ppa','ppa_western_wind_8mw','wind','2026-01-01T21:00:00Z',150.0,'ZA-NPC'),
('cfegn_win_seed_1_22','demo_offtaker_001','ppa','ppa_western_wind_8mw','wind','2026-01-01T22:00:00Z',150.0,'ZA-NPC'),
('cfegn_win_seed_1_23','demo_offtaker_001','ppa','ppa_western_wind_8mw','wind','2026-01-01T23:00:00Z',150.0,'ZA-NPC'),
('cfegn_win_seed_2_0','demo_offtaker_001','ppa','ppa_western_wind_8mw','wind','2026-01-02T00:00:00Z',150.0,'ZA-NPC'),
('cfegn_win_seed_2_1','demo_offtaker_001','ppa','ppa_western_wind_8mw','wind','2026-01-02T01:00:00Z',150.0,'ZA-NPC'),
('cfegn_win_seed_2_2','demo_offtaker_001','ppa','ppa_western_wind_8mw','wind','2026-01-02T02:00:00Z',150.0,'ZA-NPC'),
('cfegn_win_seed_2_3','demo_offtaker_001','ppa','ppa_western_wind_8mw','wind','2026-01-02T03:00:00Z',150.0,'ZA-NPC'),
('cfegn_win_seed_2_4','demo_offtaker_001','ppa','ppa_western_wind_8mw','wind','2026-01-02T04:00:00Z',150.0,'ZA-NPC'),
('cfegn_win_seed_2_5','demo_offtaker_001','ppa','ppa_western_wind_8mw','wind','2026-01-02T05:00:00Z',150.0,'ZA-NPC'),
('cfegn_win_seed_2_6','demo_offtaker_001','ppa','ppa_western_wind_8mw','wind','2026-01-02T06:00:00Z',150.0,'ZA-NPC'),
('cfegn_win_seed_2_7','demo_offtaker_001','ppa','ppa_western_wind_8mw','wind','2026-01-02T07:00:00Z',150.0,'ZA-NPC'),
('cfegn_win_seed_2_8','demo_offtaker_001','ppa','ppa_western_wind_8mw','wind','2026-01-02T08:00:00Z',150.0,'ZA-NPC'),
('cfegn_win_seed_2_9','demo_offtaker_001','ppa','ppa_western_wind_8mw','wind','2026-01-02T09:00:00Z',150.0,'ZA-NPC'),
('cfegn_win_seed_2_10','demo_offtaker_001','ppa','ppa_western_wind_8mw','wind','2026-01-02T10:00:00Z',150.0,'ZA-NPC'),
('cfegn_win_seed_2_11','demo_offtaker_001','ppa','ppa_western_wind_8mw','wind','2026-01-02T11:00:00Z',150.0,'ZA-NPC'),
('cfegn_win_seed_2_12','demo_offtaker_001','ppa','ppa_western_wind_8mw','wind','2026-01-02T12:00:00Z',150.0,'ZA-NPC'),
('cfegn_win_seed_2_13','demo_offtaker_001','ppa','ppa_western_wind_8mw','wind','2026-01-02T13:00:00Z',150.0,'ZA-NPC'),
('cfegn_win_seed_2_14','demo_offtaker_001','ppa','ppa_western_wind_8mw','wind','2026-01-02T14:00:00Z',150.0,'ZA-NPC'),
('cfegn_win_seed_2_15','demo_offtaker_001','ppa','ppa_western_wind_8mw','wind','2026-01-02T15:00:00Z',150.0,'ZA-NPC'),
('cfegn_win_seed_2_16','demo_offtaker_001','ppa','ppa_western_wind_8mw','wind','2026-01-02T16:00:00Z',150.0,'ZA-NPC'),
('cfegn_win_seed_2_17','demo_offtaker_001','ppa','ppa_western_wind_8mw','wind','2026-01-02T17:00:00Z',150.0,'ZA-NPC'),
('cfegn_win_seed_2_18','demo_offtaker_001','ppa','ppa_western_wind_8mw','wind','2026-01-02T18:00:00Z',150.0,'ZA-NPC'),
('cfegn_win_seed_2_19','demo_offtaker_001','ppa','ppa_western_wind_8mw','wind','2026-01-02T19:00:00Z',150.0,'ZA-NPC'),
('cfegn_win_seed_2_20','demo_offtaker_001','ppa','ppa_western_wind_8mw','wind','2026-01-02T20:00:00Z',150.0,'ZA-NPC'),
('cfegn_win_seed_2_21','demo_offtaker_001','ppa','ppa_western_wind_8mw','wind','2026-01-02T21:00:00Z',150.0,'ZA-NPC'),
('cfegn_win_seed_2_22','demo_offtaker_001','ppa','ppa_western_wind_8mw','wind','2026-01-02T22:00:00Z',150.0,'ZA-NPC'),
('cfegn_win_seed_2_23','demo_offtaker_001','ppa','ppa_western_wind_8mw','wind','2026-01-02T23:00:00Z',150.0,'ZA-NPC'),
('cfegn_win_seed_3_0','demo_offtaker_001','ppa','ppa_western_wind_8mw','wind','2026-01-03T00:00:00Z',150.0,'ZA-NPC'),
('cfegn_win_seed_3_1','demo_offtaker_001','ppa','ppa_western_wind_8mw','wind','2026-01-03T01:00:00Z',150.0,'ZA-NPC'),
('cfegn_win_seed_3_2','demo_offtaker_001','ppa','ppa_western_wind_8mw','wind','2026-01-03T02:00:00Z',150.0,'ZA-NPC'),
('cfegn_win_seed_3_3','demo_offtaker_001','ppa','ppa_western_wind_8mw','wind','2026-01-03T03:00:00Z',150.0,'ZA-NPC'),
('cfegn_win_seed_3_4','demo_offtaker_001','ppa','ppa_western_wind_8mw','wind','2026-01-03T04:00:00Z',150.0,'ZA-NPC'),
('cfegn_win_seed_3_5','demo_offtaker_001','ppa','ppa_western_wind_8mw','wind','2026-01-03T05:00:00Z',150.0,'ZA-NPC'),
('cfegn_win_seed_3_6','demo_offtaker_001','ppa','ppa_western_wind_8mw','wind','2026-01-03T06:00:00Z',150.0,'ZA-NPC'),
('cfegn_win_seed_3_7','demo_offtaker_001','ppa','ppa_western_wind_8mw','wind','2026-01-03T07:00:00Z',150.0,'ZA-NPC'),
('cfegn_win_seed_3_8','demo_offtaker_001','ppa','ppa_western_wind_8mw','wind','2026-01-03T08:00:00Z',150.0,'ZA-NPC'),
('cfegn_win_seed_3_9','demo_offtaker_001','ppa','ppa_western_wind_8mw','wind','2026-01-03T09:00:00Z',150.0,'ZA-NPC'),
('cfegn_win_seed_3_10','demo_offtaker_001','ppa','ppa_western_wind_8mw','wind','2026-01-03T10:00:00Z',150.0,'ZA-NPC'),
('cfegn_win_seed_3_11','demo_offtaker_001','ppa','ppa_western_wind_8mw','wind','2026-01-03T11:00:00Z',150.0,'ZA-NPC'),
('cfegn_win_seed_3_12','demo_offtaker_001','ppa','ppa_western_wind_8mw','wind','2026-01-03T12:00:00Z',150.0,'ZA-NPC'),
('cfegn_win_seed_3_13','demo_offtaker_001','ppa','ppa_western_wind_8mw','wind','2026-01-03T13:00:00Z',150.0,'ZA-NPC'),
('cfegn_win_seed_3_14','demo_offtaker_001','ppa','ppa_western_wind_8mw','wind','2026-01-03T14:00:00Z',150.0,'ZA-NPC'),
('cfegn_win_seed_3_15','demo_offtaker_001','ppa','ppa_western_wind_8mw','wind','2026-01-03T15:00:00Z',150.0,'ZA-NPC'),
('cfegn_win_seed_3_16','demo_offtaker_001','ppa','ppa_western_wind_8mw','wind','2026-01-03T16:00:00Z',150.0,'ZA-NPC'),
('cfegn_win_seed_3_17','demo_offtaker_001','ppa','ppa_western_wind_8mw','wind','2026-01-03T17:00:00Z',150.0,'ZA-NPC'),
('cfegn_win_seed_3_18','demo_offtaker_001','ppa','ppa_western_wind_8mw','wind','2026-01-03T18:00:00Z',150.0,'ZA-NPC'),
('cfegn_win_seed_3_19','demo_offtaker_001','ppa','ppa_western_wind_8mw','wind','2026-01-03T19:00:00Z',150.0,'ZA-NPC'),
('cfegn_win_seed_3_20','demo_offtaker_001','ppa','ppa_western_wind_8mw','wind','2026-01-03T20:00:00Z',150.0,'ZA-NPC'),
('cfegn_win_seed_3_21','demo_offtaker_001','ppa','ppa_western_wind_8mw','wind','2026-01-03T21:00:00Z',150.0,'ZA-NPC'),
('cfegn_win_seed_3_22','demo_offtaker_001','ppa','ppa_western_wind_8mw','wind','2026-01-03T22:00:00Z',150.0,'ZA-NPC'),
('cfegn_win_seed_3_23','demo_offtaker_001','ppa','ppa_western_wind_8mw','wind','2026-01-03T23:00:00Z',150.0,'ZA-NPC'),
('cfegn_win_seed_4_0','demo_offtaker_001','ppa','ppa_western_wind_8mw','wind','2026-01-04T00:00:00Z',150.0,'ZA-NPC'),
('cfegn_win_seed_4_1','demo_offtaker_001','ppa','ppa_western_wind_8mw','wind','2026-01-04T01:00:00Z',150.0,'ZA-NPC'),
('cfegn_win_seed_4_2','demo_offtaker_001','ppa','ppa_western_wind_8mw','wind','2026-01-04T02:00:00Z',150.0,'ZA-NPC'),
('cfegn_win_seed_4_3','demo_offtaker_001','ppa','ppa_western_wind_8mw','wind','2026-01-04T03:00:00Z',150.0,'ZA-NPC'),
('cfegn_win_seed_4_4','demo_offtaker_001','ppa','ppa_western_wind_8mw','wind','2026-01-04T04:00:00Z',150.0,'ZA-NPC'),
('cfegn_win_seed_4_5','demo_offtaker_001','ppa','ppa_western_wind_8mw','wind','2026-01-04T05:00:00Z',150.0,'ZA-NPC'),
('cfegn_win_seed_4_6','demo_offtaker_001','ppa','ppa_western_wind_8mw','wind','2026-01-04T06:00:00Z',150.0,'ZA-NPC'),
('cfegn_win_seed_4_7','demo_offtaker_001','ppa','ppa_western_wind_8mw','wind','2026-01-04T07:00:00Z',150.0,'ZA-NPC'),
('cfegn_win_seed_4_8','demo_offtaker_001','ppa','ppa_western_wind_8mw','wind','2026-01-04T08:00:00Z',150.0,'ZA-NPC'),
('cfegn_win_seed_4_9','demo_offtaker_001','ppa','ppa_western_wind_8mw','wind','2026-01-04T09:00:00Z',150.0,'ZA-NPC'),
('cfegn_win_seed_4_10','demo_offtaker_001','ppa','ppa_western_wind_8mw','wind','2026-01-04T10:00:00Z',150.0,'ZA-NPC'),
('cfegn_win_seed_4_11','demo_offtaker_001','ppa','ppa_western_wind_8mw','wind','2026-01-04T11:00:00Z',150.0,'ZA-NPC'),
('cfegn_win_seed_4_12','demo_offtaker_001','ppa','ppa_western_wind_8mw','wind','2026-01-04T12:00:00Z',150.0,'ZA-NPC'),
('cfegn_win_seed_4_13','demo_offtaker_001','ppa','ppa_western_wind_8mw','wind','2026-01-04T13:00:00Z',150.0,'ZA-NPC'),
('cfegn_win_seed_4_14','demo_offtaker_001','ppa','ppa_western_wind_8mw','wind','2026-01-04T14:00:00Z',150.0,'ZA-NPC'),
('cfegn_win_seed_4_15','demo_offtaker_001','ppa','ppa_western_wind_8mw','wind','2026-01-04T15:00:00Z',150.0,'ZA-NPC'),
('cfegn_win_seed_4_16','demo_offtaker_001','ppa','ppa_western_wind_8mw','wind','2026-01-04T16:00:00Z',150.0,'ZA-NPC'),
('cfegn_win_seed_4_17','demo_offtaker_001','ppa','ppa_western_wind_8mw','wind','2026-01-04T17:00:00Z',150.0,'ZA-NPC'),
('cfegn_win_seed_4_18','demo_offtaker_001','ppa','ppa_western_wind_8mw','wind','2026-01-04T18:00:00Z',150.0,'ZA-NPC'),
('cfegn_win_seed_4_19','demo_offtaker_001','ppa','ppa_western_wind_8mw','wind','2026-01-04T19:00:00Z',150.0,'ZA-NPC'),
('cfegn_win_seed_4_20','demo_offtaker_001','ppa','ppa_western_wind_8mw','wind','2026-01-04T20:00:00Z',150.0,'ZA-NPC'),
('cfegn_win_seed_4_21','demo_offtaker_001','ppa','ppa_western_wind_8mw','wind','2026-01-04T21:00:00Z',150.0,'ZA-NPC'),
('cfegn_win_seed_4_22','demo_offtaker_001','ppa','ppa_western_wind_8mw','wind','2026-01-04T22:00:00Z',150.0,'ZA-NPC'),
('cfegn_win_seed_4_23','demo_offtaker_001','ppa','ppa_western_wind_8mw','wind','2026-01-04T23:00:00Z',150.0,'ZA-NPC'),
('cfegn_win_seed_5_0','demo_offtaker_001','ppa','ppa_western_wind_8mw','wind','2026-01-05T00:00:00Z',150.0,'ZA-NPC'),
('cfegn_win_seed_5_1','demo_offtaker_001','ppa','ppa_western_wind_8mw','wind','2026-01-05T01:00:00Z',150.0,'ZA-NPC'),
('cfegn_win_seed_5_2','demo_offtaker_001','ppa','ppa_western_wind_8mw','wind','2026-01-05T02:00:00Z',150.0,'ZA-NPC'),
('cfegn_win_seed_5_3','demo_offtaker_001','ppa','ppa_western_wind_8mw','wind','2026-01-05T03:00:00Z',150.0,'ZA-NPC'),
('cfegn_win_seed_5_4','demo_offtaker_001','ppa','ppa_western_wind_8mw','wind','2026-01-05T04:00:00Z',150.0,'ZA-NPC'),
('cfegn_win_seed_5_5','demo_offtaker_001','ppa','ppa_western_wind_8mw','wind','2026-01-05T05:00:00Z',150.0,'ZA-NPC'),
('cfegn_win_seed_5_6','demo_offtaker_001','ppa','ppa_western_wind_8mw','wind','2026-01-05T06:00:00Z',150.0,'ZA-NPC'),
('cfegn_win_seed_5_7','demo_offtaker_001','ppa','ppa_western_wind_8mw','wind','2026-01-05T07:00:00Z',150.0,'ZA-NPC'),
('cfegn_win_seed_5_8','demo_offtaker_001','ppa','ppa_western_wind_8mw','wind','2026-01-05T08:00:00Z',150.0,'ZA-NPC'),
('cfegn_win_seed_5_9','demo_offtaker_001','ppa','ppa_western_wind_8mw','wind','2026-01-05T09:00:00Z',150.0,'ZA-NPC'),
('cfegn_win_seed_5_10','demo_offtaker_001','ppa','ppa_western_wind_8mw','wind','2026-01-05T10:00:00Z',150.0,'ZA-NPC'),
('cfegn_win_seed_5_11','demo_offtaker_001','ppa','ppa_western_wind_8mw','wind','2026-01-05T11:00:00Z',150.0,'ZA-NPC'),
('cfegn_win_seed_5_12','demo_offtaker_001','ppa','ppa_western_wind_8mw','wind','2026-01-05T12:00:00Z',150.0,'ZA-NPC'),
('cfegn_win_seed_5_13','demo_offtaker_001','ppa','ppa_western_wind_8mw','wind','2026-01-05T13:00:00Z',150.0,'ZA-NPC'),
('cfegn_win_seed_5_14','demo_offtaker_001','ppa','ppa_western_wind_8mw','wind','2026-01-05T14:00:00Z',150.0,'ZA-NPC'),
('cfegn_win_seed_5_15','demo_offtaker_001','ppa','ppa_western_wind_8mw','wind','2026-01-05T15:00:00Z',150.0,'ZA-NPC'),
('cfegn_win_seed_5_16','demo_offtaker_001','ppa','ppa_western_wind_8mw','wind','2026-01-05T16:00:00Z',150.0,'ZA-NPC'),
('cfegn_win_seed_5_17','demo_offtaker_001','ppa','ppa_western_wind_8mw','wind','2026-01-05T17:00:00Z',150.0,'ZA-NPC'),
('cfegn_win_seed_5_18','demo_offtaker_001','ppa','ppa_western_wind_8mw','wind','2026-01-05T18:00:00Z',150.0,'ZA-NPC'),
('cfegn_win_seed_5_19','demo_offtaker_001','ppa','ppa_western_wind_8mw','wind','2026-01-05T19:00:00Z',150.0,'ZA-NPC'),
('cfegn_win_seed_5_20','demo_offtaker_001','ppa','ppa_western_wind_8mw','wind','2026-01-05T20:00:00Z',150.0,'ZA-NPC'),
('cfegn_win_seed_5_21','demo_offtaker_001','ppa','ppa_western_wind_8mw','wind','2026-01-05T21:00:00Z',150.0,'ZA-NPC'),
('cfegn_win_seed_5_22','demo_offtaker_001','ppa','ppa_western_wind_8mw','wind','2026-01-05T22:00:00Z',150.0,'ZA-NPC'),
('cfegn_win_seed_5_23','demo_offtaker_001','ppa','ppa_western_wind_8mw','wind','2026-01-05T23:00:00Z',150.0,'ZA-NPC'),
('cfegn_win_seed_6_0','demo_offtaker_001','ppa','ppa_western_wind_8mw','wind','2026-01-06T00:00:00Z',150.0,'ZA-NPC'),
('cfegn_win_seed_6_1','demo_offtaker_001','ppa','ppa_western_wind_8mw','wind','2026-01-06T01:00:00Z',150.0,'ZA-NPC'),
('cfegn_win_seed_6_2','demo_offtaker_001','ppa','ppa_western_wind_8mw','wind','2026-01-06T02:00:00Z',150.0,'ZA-NPC'),
('cfegn_win_seed_6_3','demo_offtaker_001','ppa','ppa_western_wind_8mw','wind','2026-01-06T03:00:00Z',150.0,'ZA-NPC'),
('cfegn_win_seed_6_4','demo_offtaker_001','ppa','ppa_western_wind_8mw','wind','2026-01-06T04:00:00Z',150.0,'ZA-NPC'),
('cfegn_win_seed_6_5','demo_offtaker_001','ppa','ppa_western_wind_8mw','wind','2026-01-06T05:00:00Z',150.0,'ZA-NPC'),
('cfegn_win_seed_6_6','demo_offtaker_001','ppa','ppa_western_wind_8mw','wind','2026-01-06T06:00:00Z',150.0,'ZA-NPC'),
('cfegn_win_seed_6_7','demo_offtaker_001','ppa','ppa_western_wind_8mw','wind','2026-01-06T07:00:00Z',150.0,'ZA-NPC'),
('cfegn_win_seed_6_8','demo_offtaker_001','ppa','ppa_western_wind_8mw','wind','2026-01-06T08:00:00Z',150.0,'ZA-NPC'),
('cfegn_win_seed_6_9','demo_offtaker_001','ppa','ppa_western_wind_8mw','wind','2026-01-06T09:00:00Z',150.0,'ZA-NPC'),
('cfegn_win_seed_6_10','demo_offtaker_001','ppa','ppa_western_wind_8mw','wind','2026-01-06T10:00:00Z',150.0,'ZA-NPC'),
('cfegn_win_seed_6_11','demo_offtaker_001','ppa','ppa_western_wind_8mw','wind','2026-01-06T11:00:00Z',150.0,'ZA-NPC'),
('cfegn_win_seed_6_12','demo_offtaker_001','ppa','ppa_western_wind_8mw','wind','2026-01-06T12:00:00Z',150.0,'ZA-NPC'),
('cfegn_win_seed_6_13','demo_offtaker_001','ppa','ppa_western_wind_8mw','wind','2026-01-06T13:00:00Z',150.0,'ZA-NPC'),
('cfegn_win_seed_6_14','demo_offtaker_001','ppa','ppa_western_wind_8mw','wind','2026-01-06T14:00:00Z',150.0,'ZA-NPC'),
('cfegn_win_seed_6_15','demo_offtaker_001','ppa','ppa_western_wind_8mw','wind','2026-01-06T15:00:00Z',150.0,'ZA-NPC'),
('cfegn_win_seed_6_16','demo_offtaker_001','ppa','ppa_western_wind_8mw','wind','2026-01-06T16:00:00Z',150.0,'ZA-NPC'),
('cfegn_win_seed_6_17','demo_offtaker_001','ppa','ppa_western_wind_8mw','wind','2026-01-06T17:00:00Z',150.0,'ZA-NPC'),
('cfegn_win_seed_6_18','demo_offtaker_001','ppa','ppa_western_wind_8mw','wind','2026-01-06T18:00:00Z',150.0,'ZA-NPC'),
('cfegn_win_seed_6_19','demo_offtaker_001','ppa','ppa_western_wind_8mw','wind','2026-01-06T19:00:00Z',150.0,'ZA-NPC'),
('cfegn_win_seed_6_20','demo_offtaker_001','ppa','ppa_western_wind_8mw','wind','2026-01-06T20:00:00Z',150.0,'ZA-NPC'),
('cfegn_win_seed_6_21','demo_offtaker_001','ppa','ppa_western_wind_8mw','wind','2026-01-06T21:00:00Z',150.0,'ZA-NPC'),
('cfegn_win_seed_6_22','demo_offtaker_001','ppa','ppa_western_wind_8mw','wind','2026-01-06T22:00:00Z',150.0,'ZA-NPC'),
('cfegn_win_seed_6_23','demo_offtaker_001','ppa','ppa_western_wind_8mw','wind','2026-01-06T23:00:00Z',150.0,'ZA-NPC'),
('cfegn_win_seed_7_0','demo_offtaker_001','ppa','ppa_western_wind_8mw','wind','2026-01-07T00:00:00Z',150.0,'ZA-NPC'),
('cfegn_win_seed_7_1','demo_offtaker_001','ppa','ppa_western_wind_8mw','wind','2026-01-07T01:00:00Z',150.0,'ZA-NPC'),
('cfegn_win_seed_7_2','demo_offtaker_001','ppa','ppa_western_wind_8mw','wind','2026-01-07T02:00:00Z',150.0,'ZA-NPC'),
('cfegn_win_seed_7_3','demo_offtaker_001','ppa','ppa_western_wind_8mw','wind','2026-01-07T03:00:00Z',150.0,'ZA-NPC'),
('cfegn_win_seed_7_4','demo_offtaker_001','ppa','ppa_western_wind_8mw','wind','2026-01-07T04:00:00Z',150.0,'ZA-NPC'),
('cfegn_win_seed_7_5','demo_offtaker_001','ppa','ppa_western_wind_8mw','wind','2026-01-07T05:00:00Z',150.0,'ZA-NPC'),
('cfegn_win_seed_7_6','demo_offtaker_001','ppa','ppa_western_wind_8mw','wind','2026-01-07T06:00:00Z',150.0,'ZA-NPC'),
('cfegn_win_seed_7_7','demo_offtaker_001','ppa','ppa_western_wind_8mw','wind','2026-01-07T07:00:00Z',150.0,'ZA-NPC'),
('cfegn_win_seed_7_8','demo_offtaker_001','ppa','ppa_western_wind_8mw','wind','2026-01-07T08:00:00Z',150.0,'ZA-NPC'),
('cfegn_win_seed_7_9','demo_offtaker_001','ppa','ppa_western_wind_8mw','wind','2026-01-07T09:00:00Z',150.0,'ZA-NPC'),
('cfegn_win_seed_7_10','demo_offtaker_001','ppa','ppa_western_wind_8mw','wind','2026-01-07T10:00:00Z',150.0,'ZA-NPC'),
('cfegn_win_seed_7_11','demo_offtaker_001','ppa','ppa_western_wind_8mw','wind','2026-01-07T11:00:00Z',150.0,'ZA-NPC'),
('cfegn_win_seed_7_12','demo_offtaker_001','ppa','ppa_western_wind_8mw','wind','2026-01-07T12:00:00Z',150.0,'ZA-NPC'),
('cfegn_win_seed_7_13','demo_offtaker_001','ppa','ppa_western_wind_8mw','wind','2026-01-07T13:00:00Z',150.0,'ZA-NPC'),
('cfegn_win_seed_7_14','demo_offtaker_001','ppa','ppa_western_wind_8mw','wind','2026-01-07T14:00:00Z',150.0,'ZA-NPC'),
('cfegn_win_seed_7_15','demo_offtaker_001','ppa','ppa_western_wind_8mw','wind','2026-01-07T15:00:00Z',150.0,'ZA-NPC'),
('cfegn_win_seed_7_16','demo_offtaker_001','ppa','ppa_western_wind_8mw','wind','2026-01-07T16:00:00Z',150.0,'ZA-NPC'),
('cfegn_win_seed_7_17','demo_offtaker_001','ppa','ppa_western_wind_8mw','wind','2026-01-07T17:00:00Z',150.0,'ZA-NPC'),
('cfegn_win_seed_7_18','demo_offtaker_001','ppa','ppa_western_wind_8mw','wind','2026-01-07T18:00:00Z',150.0,'ZA-NPC'),
('cfegn_win_seed_7_19','demo_offtaker_001','ppa','ppa_western_wind_8mw','wind','2026-01-07T19:00:00Z',150.0,'ZA-NPC'),
('cfegn_win_seed_7_20','demo_offtaker_001','ppa','ppa_western_wind_8mw','wind','2026-01-07T20:00:00Z',150.0,'ZA-NPC'),
('cfegn_win_seed_7_21','demo_offtaker_001','ppa','ppa_western_wind_8mw','wind','2026-01-07T21:00:00Z',150.0,'ZA-NPC'),
('cfegn_win_seed_7_22','demo_offtaker_001','ppa','ppa_western_wind_8mw','wind','2026-01-07T22:00:00Z',150.0,'ZA-NPC'),
('cfegn_win_seed_7_23','demo_offtaker_001','ppa','ppa_western_wind_8mw','wind','2026-01-07T23:00:00Z',150.0,'ZA-NPC');

-- Pre-computed CFE summary for the demo week.
-- Manual math:
--   168 hours of load: 12h × 800 = 9,600 daytime + 12h × 400 = 4,800 night = 14,400/day × 7 = 100,800 kWh total.
--   Solar: 7h × 600 + 4h × 300 = 5,400/day × 7 = 37,800 kWh.
--   Wind: 24 × 150 = 3,600/day × 7 = 25,200 kWh.
--   Total carbon-free: 63,000 kWh.
--   Match-capped (per-hour): solar contributes capped at load 800, wind 150 always covered.
--   For simplicity we record the headline percentages.
INSERT OR IGNORE INTO cfe_match_summary
  (participant_id, reporting_period_start, reporting_period_end, total_load_kwh,
   total_carbon_free_kwh, cfe_match_pct, hours_with_full_match, hours_with_zero_match,
   avg_grid_intensity_kg_kwh, emissions_avoided_tco2e)
VALUES
  ('demo_offtaker_001','2026-01-01T00:00:00Z','2026-01-07T23:00:00Z',100800,55650,55.21,84,0,0.92,51.20),
  ('demo_offtaker_001','2025-12-01T00:00:00Z','2025-12-31T23:00:00Z',432000,235000,54.40,360,0,0.92,216.20),
  ('demo_offtaker_001','2025-11-01T00:00:00Z','2025-11-30T23:00:00Z',418000,225000,53.83,348,0,0.92,207.00);

-- ────────────────────────────────────────────────────────────────────────
-- 4. Product Carbon Footprints (offtaker)
-- ────────────────────────────────────────────────────────────────────────

INSERT OR IGNORE INTO product_carbon_footprints
  (id, participant_id, product_code, product_name, functional_unit, reporting_year, methodology,
   upstream_tco2e_per_unit, manufacturing_tco2e_per_unit, distribution_tco2e_per_unit,
   use_phase_tco2e_per_unit, end_of_life_tco2e_per_unit, total_tco2e_per_unit,
   units_sold, total_lifecycle_tco2e, data_quality_score, assurance_status, notes) VALUES
  ('seed_pcf_001','demo_offtaker_001','SKU-MUNI-WATER-001','Municipal water (1 ML)','1 ML potable water',2026,'ISO 14067',
   0.085, 0.420, 0.025, 0.000, 0.005, 0.535, 18500, 9897.5, 78, 'limited',
   'Per-megalitre carbon footprint for municipal water — pump energy dominates manufacturing phase.'),
  ('seed_pcf_002','demo_offtaker_001','SKU-MUNI-WASTE-001','Solid waste collection (per tonne)','1 t waste collected',2026,'ISO 14067',
   0.012, 0.085, 0.045, 0.000, 0.180, 0.322, 42000, 13524.0, 72, 'none',
   'Per-tonne waste collection — diesel collection vehicles + landfill methane (end-of-life).'),
  ('seed_pcf_003','demo_offtaker_001','SKU-MUNI-STREETLIGHT','Street lighting (1 lamp/yr)','1 lamp-year',2026,'PEFCR',
   0.005, 0.000, 0.000, 0.180, 0.002, 0.187, 22000, 4114.0, 85, 'reasonable',
   'LED retrofit street lighting; use-phase electricity dominates.');

-- ────────────────────────────────────────────────────────────────────────
-- 5. Assurance engagements + findings + evidence
-- ────────────────────────────────────────────────────────────────────────

INSERT OR IGNORE INTO assurance_engagements
  (id, participant_id, reporting_year, scope, auditor_name, auditor_email, assurance_standard,
   assurance_level, engagement_status, opinion, opinion_date, scope_emissions_assured, notes) VALUES
  ('seed_aseng_001','demo_lender_001',2025,'financed_emissions','KPMG','climate@kpmg.co.za','ISAE_3000','limited','final_opinion','clean','2026-03-14',62500.0,
   'Limited assurance over PCAF financed Scope 1+2+3 for FY2025 reporting.'),
  ('seed_aseng_002','demo_offtaker_001',2025,'scope1','Deloitte','sustainability@deloitte.co.za','ISAE_3410','reasonable','final_opinion','clean','2026-02-28',2840.5,
   'Reasonable assurance over Scope 1 direct emissions for City Energy Municipality FY2025.'),
  ('seed_aseng_003','demo_carbon_001',2025,'scope3_all','SGS','sgs.za@sgs.com','ISO_14064_3','limited','draft_opinion',NULL,NULL,18200.0,
   'In-progress engagement — Scope 3 covering retired carbon credits and supply chain.'),
  ('seed_aseng_004','demo_lender_001',2026,'scope2_market','EY','assurance@ey.co.za','ISAE_3000','limited','field_work',NULL,NULL,NULL,
   'Field-work phase — Scope 2 market-based for bank operational footprint.');

INSERT OR IGNORE INTO assurance_findings
  (id, engagement_id, finding_ref, severity, category, title, description, affected_table, status, due_date) VALUES
  ('seed_asf_001','seed_aseng_001','KPMG-2025-001','significant','data_quality','PCAF data quality score 4 on mortgage book',
   'Mortgage portfolio relies on sector-average emission factors (PCAF DQ 4). Recommend collecting actual property energy data for top 100 loans.',
   'pcaf_financed_emissions','in_remediation','2026-09-30'),
  ('seed_asf_002','seed_aseng_001','KPMG-2025-002','minor','methodology','Attribution method documentation',
   'EVIC denominators sourced from Bloomberg as of 2025-12-31. Recommend explicit policy on intra-year EVIC volatility.',
   'pcaf_financed_emissions','remediated','2026-04-15'),
  ('seed_asf_003','seed_aseng_002','DEL-2025-014','observation','factor_age','DEFRA 2024 factor used post-cut-off',
   'Some Q4 2025 fuel records still reference 2024 DEFRA factors. Update to 2025 published factors before year-end close.',
   'esg_activity_transactions','open','2026-06-30'),
  ('seed_asf_004','seed_aseng_003','SGS-2025-005','material','boundary','Scope 3 cat. 11 use-of-sold-products not included',
   'Use-of-sold-products (Scope 3 cat. 11) excluded from boundary but represents material flow per municipal water sold. Re-include and disclose.',
   'esg_disclosures','open','2026-07-31');

INSERT OR IGNORE INTO assurance_evidence
  (id, engagement_id, artefact_type, description, source_table, r2_key, hash_sha256) VALUES
  ('seed_asev_001','seed_aseng_001','transaction_export','PCAF financed-emissions full export FY2025','pcaf_financed_emissions',
   'audit/2025/kpmg/pcaf_export_2025.csv','sha256-pcaf-export-2025-placeholder'),
  ('seed_asev_002','seed_aseng_001','methodology','PCAF v2.0 methodology pack', NULL,
   'audit/2025/kpmg/pcaf_methodology_v2.pdf','sha256-pcaf-method-placeholder'),
  ('seed_asev_003','seed_aseng_002','invoice','Eskom invoices FY2025 (12 months)', NULL,
   'audit/2025/deloitte/eskom_invoices_2025.zip','sha256-eskom-2025-placeholder'),
  ('seed_asev_004','seed_aseng_003','calculation_workbook','Scope 3 calculation workbook with assumptions', NULL,
   'audit/2025/sgs/scope3_workbook.xlsx','sha256-scope3-wb-placeholder');

-- ────────────────────────────────────────────────────────────────────────
-- 6. Climate maturity assessments
-- ────────────────────────────────────────────────────────────────────────

INSERT OR IGNORE INTO climate_maturity_assessments
  (id, participant_id, reporting_year, measurement_score, governance_score, target_score,
   action_score, disclosure_score, overall_score, band, notes) VALUES
  ('seed_mat_001','demo_lender_001',2026, 92, 85, 80, 72, 95, 85.5,'leader',
   'Strong measurement + disclosure; below-target on action (initiative throughput).'),
  ('seed_mat_002','demo_offtaker_001',2026, 78, 70, 65, 60, 72, 69.1,'advanced',
   'Strong overall maturity for a municipal entity; can improve action portfolio.'),
  ('seed_mat_003','demo_carbon_001',2026, 70, 90, 95, 88, 70, 81.7,'leader',
   'Climate-product specialist — targets and action lead; measurement narrow to portfolio scope.'),
  ('seed_mat_004','demo_ipp_001',2026, 60, 55, 50, 80, 50, 60.0,'advanced',
   'Action-led: building projects faster than measurement maturity. Push CDP submission.');

-- ────────────────────────────────────────────────────────────────────────
-- 7. Disclosure submissions across jurisdictions
-- ────────────────────────────────────────────────────────────────────────

INSERT OR IGNORE INTO disclosure_submissions
  (id, participant_id, jurisdiction, reporting_year, status, submitted_at, external_reference, notes) VALUES
  ('seed_sub_001','demo_lender_001','CDP',2025,'accepted','2026-03-31T16:00:00Z','CDP-ZA-2025-LENDER-001','CDP Climate Change 2025 — A-list response submitted.'),
  ('seed_sub_002','demo_lender_001','TCFD',2025,'submitted','2026-04-15T12:00:00Z','TCFD-ALIGNED-2025','TCFD-aligned annual financial report appendix.'),
  ('seed_sub_003','demo_lender_001','JSE_SRL',2025,'accepted','2026-04-30T10:00:00Z','JSE-SRL-2025-LENDER','JSE Sustainability + Climate disclosures.'),
  ('seed_sub_004','demo_lender_001','PCAF',2025,'submitted','2026-04-22T09:00:00Z','PCAF-ZA-2025-LENDER','PCAF disclosure annex to JSE filing.'),
  ('seed_sub_005','demo_lender_001','NZBA',2025,'submitted','2026-04-22T09:30:00Z','NZBA-2025-LENDER','NZBA annual progress report.'),
  ('seed_sub_006','demo_lender_001','CA_SB253',2026,'draft',NULL,NULL,'Drafting first CA SB-253 filing for FY2026 reporting year.'),
  ('seed_sub_007','demo_lender_001','ISSB_S2',2025,'submitted','2026-04-30T10:30:00Z','ISSB-S2-2025-LENDER','IFRS S2 climate-related disclosure as part of annual report.'),
  ('seed_sub_008','demo_offtaker_001','JSE_SRL',2025,'submitted','2026-05-12T11:00:00Z','JSE-SRL-2025-OFFTAKER','Municipal JSE SRL filing.'),
  ('seed_sub_009','demo_offtaker_001','TCFD',2025,'submitted','2026-04-28T11:00:00Z','TCFD-2025-OFFTAKER','TCFD-aligned municipal climate report.'),
  ('seed_sub_010','demo_offtaker_001','ZA_CARBON_TAX',2025,'accepted','2026-07-15T09:00:00Z','SARS-CT-2025-OFFTAKER','SA Carbon Tax Act s.13 offset claims accepted.'),
  ('seed_sub_011','demo_carbon_001','CDP',2025,'accepted','2026-03-31T16:00:00Z','CDP-ZA-2025-CARBON','Carbon-fund CDP response submitted.'),
  ('seed_sub_012','demo_carbon_001','TCFD',2025,'accepted','2026-03-31T16:00:00Z','TCFD-2025-CARBON','Carbon-fund TCFD report.'),
  ('seed_sub_013','demo_carbon_001','GFANZ',2025,'submitted','2026-04-30T10:00:00Z','GFANZ-2025-CARBON','GFANZ membership progress submitted.'),
  ('seed_sub_014','demo_carbon_001','SBTI',2025,'submitted','2026-02-15T10:00:00Z','SBTI-2025-CARBON','SBTi target validation submitted; awaiting approval.');

-- ────────────────────────────────────────────────────────────────────────
-- 8. Open anomaly flags
-- ────────────────────────────────────────────────────────────────────────
-- esg_anomaly_flags.transaction_id has a NOT NULL FK to
-- esg_activity_transactions(id), so flags can only be seeded against
-- real transactions. Demo participants populate this table on first run
-- of POST /api/watershed/anomalies/scan once transactions exist.

-- ────────────────────────────────────────────────────────────────────────
-- 9. Register Watershed reports in report_catalog
-- ────────────────────────────────────────────────────────────────────────

INSERT OR IGNORE INTO report_catalog (code, role, module, name, description, framework, default_period) VALUES
  ('pcaf_financed_emissions','lender','pcaf','PCAF Financed Emissions','Asset-class-by-asset-class financed Scope 1/2/3 inventory with attribution and data quality.','PCAF','annual'),
  ('pcaf_facilitated_emissions','lender','pcaf','PCAF Facilitated Emissions','Capital-markets facilitated emissions per PCAF Part B (33% weighting).','PCAF','annual'),
  ('pcaf_targets_progress','lender','pcaf','PCAF Target Progress','NZBA / SBTi-FI / GFANZ target schedule vs. current portfolio intensity.','NZBA','annual'),
  ('pcaf_temperature_alignment','lender','pcaf','Portfolio Temperature Alignment','Implied temperature rise per sector (SDA / PACTA / GEVA methodologies).','SBTi-FI','annual'),
  ('cdr_portfolio','carbon_fund','removals','CDR Portfolio Report','Removal-by-removal portfolio with commitments, deliveries, and retirements.','BCAM','annual'),
  ('cdr_retirement_chain','carbon_fund','removals','CDR Retirement Chain','Serial-tracked retirement evidence per offtake.','VCS / Puro Earth','quarterly'),
  ('cfe_24_7_score','offtaker','cfe','24/7 Carbon-Free Energy Match','Hourly load × generation matching and emissions-avoidance.','Google 24/7 CFE','monthly'),
  ('pcf_lifecycle','offtaker','pcf','Product Carbon Footprints','SKU-level cradle-to-gate lifecycle per ISO 14067.','ISO 14067','annual'),
  ('assurance_evidence_pack','admin','assurance','Assurance Evidence Pack','Auditor-ready bundle: PCAF, ESG transactions, methodology and findings.','ISAE 3000 / 3410','annual'),
  ('assurance_findings_register','admin','assurance','Assurance Findings Register','Open and remediated findings with management responses and due dates.','ISAE 3000','quarterly'),
  ('climate_maturity_score','admin','maturity','Climate Maturity Assessment','Five-pillar climate maturity score computed from platform activity.','Watershed Maturity','annual'),
  ('industry_benchmark_comparison','admin','benchmarks','Industry Benchmark Comparison','Your intensity vs. peer P25/P50/P75 by sector and region.','Watershed Benchmarks','annual'),
  ('disclosure_jurisdictions_status','admin','jurisdictions','Multi-Jurisdiction Disclosure Status','Submission status across 20 jurisdictions (CSRD, SEC, SB-253, UK SECR, SGX, JP TCFD).','Multi-framework','annual'),
  ('anomaly_register','admin','anomalies','ESG Anomaly Register','Open anomaly flags with rule, severity, and resolution status.','Internal','monthly'),
  ('spend_classification','admin','spend','Spend EEIO Classification','Auto-classified spend with suggested activity codes and scope assignments.','EEIO','quarterly');
